Tv_full-no_duplicates,Tv_full-shuffled,Tv_full
1,876,93
2,720,4359
3,4481,1151
4,3279,386
5,73,263
6,2906,2040
7,4051,3259
8,2608,2904
9,1976,2737
10,4842,6165
11,4781,2204
12,4163,205
13,1898,74
14,2564,264
15,2783,2439
16,2642,931
17,427,1971
18,4300,2960
19,4753,5182
20,3526,1440
21,3778,4853
22,3460,2608
23,4438,1892
24,5257,1201
25,2046,4305
26,5117,4063
27,606,4058
28,1185,451
29,4268,2467
30,2828,1018
31,1843,2851
32,573,1515
33,3614,2820
34,3716,2154
35,4779,3556
36,5209,4646
37,4183,1961
38,3685,2860
39,1430,2017
40,2607,1443
41,1357,4300
42,3264,3662
43,1730,4732
44,4698,4617
45,4666,910
46,2230,1698
47,3181,3414
48,25,3473
49,4672,5049
50,4790,4597
51,5061,2132
52,1442,938
53,1189,3872
54,412,185
55,3312,4880
56,3734,948
57,675,5036
58,409,1904
59,3510,3412
60,4946,4054
61,1446,1872
62,1892,4178
63,3755,1704
64,2652,4444
65,3191,828
66,4611,78
67,823,4173
68,425,1574
69,2479,2112
70,2937,5181
71,3423,737
72,4393,241
73,656,2434
74,4924,1058
75,256,3433
76,143,2761
77,3177,2110
78,4343,1285
79,4729,1976
80,3965,562
81,1609,4509
82,1596,3779
83,3712,735
84,1920,5097
85,2061,3599
86,1448,5043
87,1822,1736
88,975,4106
89,3894,453
90,3581,3835
91,3511,1714
92,1259,4197
93,5089,2554
94,1586,4787
95,817,139
96,5170,4019
97,2107,3800
98,1561,963
99,3726,922
100,62,2166
101,2521,3693
102,907,359
103,2599,119
104,4676,5018
105,1643,4824
106,1528,3118
107,3964,3382
108,1405,1108
109,1077,4931
110,2803,3674
111,4022,2326
112,1364,2844
113,4486,3722
114,4198,719
115,2127,3654
116,4136,4097
117,2165,1067
118,2096,422
119,127,412
120,4305,1019
121,5109,4119
122,5063,4175
123,1223,840
124,790,1983
125,211,3306
126,2258,1220
127,920,5120
128,4948,6159
129,2275,1874
130,5161,192
131,4158,1217
132,3844,2677
133,3728,2688
134,3989,3145
135,3149,847
136,1728,2039
137,2994,1562
138,85,282
139,3256,2778
140,164,5064
141,874,3238
142,5277,2433
143,3915,2505
144,1246,4835
145,3617,3450
146,3358,5008
147,4564,326
148,1872,320
149,4760,4991
150,4857,4521
151,2256,4659
152,3458,2648
153,484,3342
154,3600,864
155,4932,1003
156,5131,3841
157,3221,1293
158,1875,3125
159,2788,3334
160,2403,2780
161,4386,3349
162,1664,411
163,3002,2549
164,1870,3612
165,1438,5001
166,1706,3792
167,589,2236
168,1091,658
169,59,3723
170,3640,362
171,3767,3796
172,2597,679
173,5136,660
174,3632,1770
175,621,3969
176,1287,2657
177,2525,4784
178,1762,2890
179,4467,3524
180,2346,1839
181,4437,3079
182,667,3285
183,1550,4760
184,4786,2616
185,3749,959
186,4892,657
187,1764,1674
188,1376,2101
189,5267,1346
190,178,3884
191,2228,1520
192,557,3956
193,5292,5032
194,2428,455
195,71,3762
196,1570,623
197,948,1797
198,848,1143
199,3117,2196
200,2122,4913
201,2602,4541
202,2224,2863
203,4317,3754
204,912,3485
205,1207,1002
206,584,971
207,1744,1382
208,1751,3636
209,5121,4947
210,5056,2266
211,241,1283
212,5288,4301
213,659,6125
214,1574,1551
215,596,1413
216,4363,3152
217,2243,1728
218,4654,1694
219,2296,3934
220,4773,4865
221,5104,4944
222,4273,1577
223,4256,1109
224,5031,6078
225,3572,1397
226,274,3174
227,1825,6174
228,4571,2078
229,1346,3058
230,4171,4525
231,3394,1152
232,4783,4094
233,2167,3011
234,4492,1804
235,26,3094
236,2733,4035
237,3021,3711
238,1463,2542
239,306,5123
240,95,1029
241,1702,2689
242,4025,1725
243,532,4808
244,3424,3327
245,3076,5225
246,3508,5171
247,2035,960
248,364,3051
249,3659,3515
250,3865,173
251,4505,3591
252,3199,4596
253,1859,2376
254,3211,2421
255,5240,1379
256,5244,4232
257,660,678
258,5200,2702
259,56,541
260,2522,3676
261,501,1091
262,1290,2286
263,1197,3155
264,353,3314
265,3072,5229
266,4730,2666
267,2520,3596
268,2737,584
269,223,3379
270,3268,2585
271,410,4841
272,5325,3046
273,4425,965
274,3945,3445
275,5188,2281
276,4148,628
277,4259,951
278,4141,1239
279,3323,4248
280,2818,1231
281,747,2354
282,622,1093
283,2961,2727
284,3457,749
285,3958,4083
286,4994,1146
287,343,3242
288,1881,821
289,458,309
290,1680,3845
291,209,2456
292,4276,2250
293,534,2641
294,2988,2663
295,2931,491
296,2180,4847
297,601,2061
298,3025,4578
299,1026,4539
300,220,3378
301,3752,1806
302,3022,2970
303,833,1113
304,4680,1338
305,1663,4417
306,4098,3440
307,2024,4762
308,4778,4986
309,1431,5016
310,4484,1263
311,5339,3021
312,5000,4641
313,5075,463
314,1771,2050
315,1703,334
316,3038,3172
317,3403,3111
318,328,1692
319,3247,5065
320,4987,2289
321,1048,195
322,1494,2320
323,4747,444
324,1932,4220
325,5069,2047
326,4440,261
327,2505,4302
328,1823,1145
329,52,146
330,3636,2359
331,2622,4046
332,1429,1532
333,3169,3161
334,2623,4637
335,4471,2185
336,2177,645
337,4810,4971
338,4015,4548
339,3200,80
340,3380,543
341,5102,2415
342,3438,2310
343,1619,3478
344,3932,1124
345,754,3875
346,4012,3807
347,4400,1021
348,4192,3982
349,2273,845
350,4021,2826
351,4040,3808
352,4263,2309
353,3647,5199
354,3974,483
355,1610,1792
356,4847,3356
357,177,1948
358,3951,3985
359,1956,637
360,2620,1893
361,4782,528
362,3054,1943
363,488,1826
364,2592,4560
365,477,1204
366,2562,4419
367,1656,6151
368,2356,5070
369,3068,347
370,485,1323
371,3523,3571
372,3084,5118
373,1031,3819
374,3011,3727
375,1722,599
376,1020,3888
377,4957,1421
378,1409,662
379,662,2401
380,5054,3605
381,2822,3893
382,2768,114
383,3507,2910
384,4329,151
385,1472,354
386,5336,2580
387,5293,2792
388,2374,4909
389,208,1809
390,3378,4383
391,1214,5073
392,2421,6082
393,4010,290
394,1907,54
395,4629,3241
396,3821,3784
397,2776,2726
398,3741,4492
399,476,3370
400,5184,3953
401,3621,1066
402,2544,2868
403,3377,2841
404,4980,5087
405,5290,1495
406,4290,3696
407,4262,6184
408,4296,4018
409,1258,1244
410,3680,2746
411,2850,1638
412,2541,1123
413,805,2215
414,1037,4903
415,943,6140
416,1505,3200
417,3848,4044
418,4170,2680
419,5132,3604
420,1783,1889
421,1831,4771
422,3908,2667
423,426,5200
424,4549,1802
425,1559,4465
426,925,2311
427,1968,2647
428,3349,4443
429,644,4333
430,2262,2621
431,3476,4505
432,1871,1669
433,958,3890
434,2832,28
435,4217,4852
436,4178,3317
437,115,1778
438,247,997
439,4114,2406
440,3329,59
441,3500,760
442,4182,3616
443,4469,2343
444,3967,1549
445,1035,3542
446,4507,342
447,5123,4998
448,4548,201
449,3534,4355
450,4771,5230
451,3948,5177
452,2329,3725
453,3007,413
454,2142,4740
455,1569,3712
456,5220,1225
457,1232,3965
458,3118,1351
459,2055,4844
460,4287,5129
461,1415,2630
462,4885,1469
463,2117,3690
464,4982,2974
465,4960,12
466,4257,643
467,4404,4688
468,2995,4372
469,2475,3141
470,5086,5161
471,4845,1903
472,748,3296
473,1581,4490
474,369,508
475,4510,698
476,3059,874
477,1693,981
478,297,3834
479,3414,3043
480,3310,1701
481,4335,2664
482,4019,5192
483,1008,1905
484,2734,2464
485,2441,3015
486,5242,392
487,330,441
488,2654,4184
489,2780,2229
490,3185,768
491,2921,3346
492,3653,1764
493,5081,707
494,3443,4965
495,2298,3187
496,5245,3251
497,3745,1945
498,518,1214
499,704,2003
500,3096,704
501,2465,1433
502,233,2361
503,3861,999
504,1815,650
505,2445,5246
506,2712,1307
507,3563,855
508,3418,575
509,2624,1723
510,5266,500
511,1228,2124
512,5012,6126
513,3729,3746
514,868,2828
515,826,2162
516,1033,1978
517,3353,3973
518,5327,5134
519,4668,4452
520,788,2514
521,214,4992
522,17,597
523,4229,4896
524,3288,4920
525,235,6110
526,102,3115
527,3153,728
528,3441,5234
529,1733,4107
530,642,2809
531,535,1791
532,2366,4544
533,3825,3806
534,5173,2057
535,5068,843
536,2992,3588
537,3254,493
538,4261,4632
539,909,4607
540,2128,3147
541,2839,1095
542,3241,2494
543,3145,1037
544,3799,4723
545,1686,3269
546,1396,4469
547,3805,3133
548,5026,2645
549,3300,4143
550,2162,4104
551,867,206
552,57,4928
553,375,231
554,916,2109
555,2887,1305
556,5192,5091
557,1726,1748
558,4826,2637
559,5326,2416
560,175,6168
561,1172,1016
562,1168,3660
563,3339,2501
564,3625,2842
565,4091,4881
566,1512,1615
567,4130,593
568,2516,154
569,284,803
570,2360,5219
571,4199,1464
572,5330,2312
573,797,2993
574,4092,2441
575,1750,1212
576,1933,2899
577,3831,2690
578,4659,3971
579,1623,5222
580,1711,292
581,4382,1251
582,5207,2339
583,655,1074
584,3065,1603
585,2793,3564
586,2536,371
587,4209,2006
588,3657,406
589,4633,3921
590,3935,2368
591,3953,3184
592,378,3453
593,2813,1050
594,1123,2119
595,1887,2691
596,2625,3639
597,2940,4634
598,3509,4283
599,337,1696
600,4355,4050
601,2580,3919
602,117,4872
603,1687,2350
604,1212,1114
605,2433,1727
606,561,1335
607,921,2520
608,1906,1643
609,1951,1136
610,1127,827
611,4204,891
612,3979,2503
613,1708,3091
614,2424,1398
615,253,850
616,1587,3372
617,950,3773
618,2678,5157
619,3295,1994
620,3703,4092
621,4033,2044
622,1182,915
623,4999,3801
624,3842,4399
625,4216,2723
626,887,2614
627,2367,121
628,2978,1296
629,2859,1358
630,582,4334
631,1960,5099
632,734,2620
633,839,2833
634,3472,2546
635,4546,3668
636,30,984
637,3759,2405
638,444,4742
639,1087,6135
640,3750,4936
641,799,1935
642,1864,1422
643,4627,1054
644,1200,1150
645,973,5158
646,3985,2457
647,1434,5047
648,980,4183
649,3662,1883
650,1594,4538
651,1080,4100
652,2557,3964
653,2983,2744
654,3237,1743
655,2840,1333
656,3010,5000
657,3226,2766
658,5206,4989
659,2659,524
660,2934,729
661,5304,4481
662,517,1733
663,1796,5188
664,2935,445
665,4735,27
666,4716,4049
667,1122,2018
668,960,5168
669,5137,2800
670,5333,2450
671,438,1996
672,2742,743
673,414,3134
674,2051,4332
675,3635,764
676,4297,1519
677,4143,179
678,3666,1425
679,1526,6170
680,3027,4504
681,3978,443
682,1103,3446
683,3531,110
684,3006,3366
685,1340,3034
686,1139,3109
687,55,3739
688,593,1612
689,2169,5145
690,4155,4996
691,3115,2287
692,666,563
693,2178,2443
694,5017,4266
695,3406,3941
696,2751,21
697,2164,2403
698,2657,4206
699,1179,5137
700,2669,5100
701,1865,4622
702,4561,2954
703,4732,1858
704,2404,2178
705,3766,2316
706,296,1803
707,268,947
708,1644,2957
709,2590,5113
710,2577,1426
711,1572,1918
712,1862,1367
713,3930,670
714,2460,4695
715,1074,2064
716,4710,4377
717,2151,37
718,4151,3871
719,1698,2730
720,4175,6189
721,158,4556
722,1873,4436
723,4540,856
724,3598,5108
725,1240,4250
726,798,3649
727,923,3098
728,5166,2885
729,4498,3324
730,759,926
731,2171,5071
732,1944,4422
733,4575,3946
734,4631,4397
735,2287,4118
736,2573,4062
737,1901,2832
738,4968,3587
739,765,930
740,1029,3415
741,3552,2515
742,4930,4374
743,3365,1536
744,5276,4117
745,3757,1237
746,5103,5076
747,2860,132
748,322,2565
749,1987,3136
750,2255,2071
751,2484,2817
752,5108,5104
753,1660,3355
754,2643,4167
755,4805,1877
756,3207,4894
757,4707,2167
758,1184,3771
759,3108,1921
760,1523,4792
761,5332,3434
762,4501,2372
763,4395,2590
764,2933,3607
765,2317,3455
766,4383,4245
767,706,3033
768,4348,2563
769,5171,2252
770,2331,345
771,775,1879
772,5319,5107
773,2570,1474
774,541,4215
775,2241,2498
776,4412,892
777,4630,4558
778,3629,4168
779,3961,2944
780,3113,2926
781,1336,102
782,406,566
783,2341,1226
784,3304,1913
785,5311,2783
786,4500,2818
787,4184,3044
788,2280,4873
789,4560,3350
790,299,3583
791,3452,4185
792,2971,5227
793,1826,2155
794,4432,726
795,3186,2646
796,949,3820
797,552,4949
798,2970,3261
799,3278,1867
800,2941,3479
801,1407,1005
802,2910,2584
803,1720,134
804,1349,550
805,3134,1499
806,4776,4340
807,3557,2997
808,4238,2410
809,1844,164
810,4070,3740
811,2353,5093
812,1422,3179
813,946,2471
814,4950,5243
815,3513,2938
816,5127,888
817,3705,4981
818,2239,1386
819,1500,3931
820,2407,677
821,576,3003
822,522,2808
823,326,161
824,3383,3162
825,4882,251
826,469,4567
827,3959,4746
828,2683,779
829,2422,2207
830,3390,1873
831,2125,4267
832,329,559
833,3048,2083
834,519,3458
835,1973,3475
836,768,5175
837,242,2791
838,901,4198
839,3031,4047
840,3368,2551
841,1130,2815
842,1710,4448
843,2490,4319
844,3583,6157
845,2049,2513
846,2225,2576
847,5351,949
848,1234,6128
849,3644,4680
850,4045,4207
851,4515,1410
852,3195,1559
853,4233,564
854,5023,474
855,2715,4698
856,1114,3420
857,5364,2280
858,4593,4152
859,3374,2209
860,3205,2578
861,4218,4420
862,579,4586
863,2489,4770
864,2524,3062
865,1112,24
866,3901,3752
867,672,3330
868,2656,152
869,398,2934
870,4284,2069
871,2332,1148
872,5156,1210
873,1565,4151
874,2682,1141
875,2741,1065
876,738,1126
877,2385,2924
878,4138,3935
879,1250,1473
880,1483,428
881,1019,1821
882,4512,4545
883,3645,724
884,1385,3535
885,2841,3163
886,884,2797
887,1054,3704
888,197,489
889,3175,2100
890,1709,2928
891,5035,236
892,1972,1229
893,3057,4636
894,2383,3364
895,1404,2660
896,3083,2606
897,5215,227
898,4808,1721
899,3188,301
900,2842,3766
901,1231,4246
902,3972,3646
903,3266,5236
904,4870,6154
905,2077,3305
906,850,4576
907,4978,4476
908,1889,4269
909,3137,1738
910,2491,1779
911,3454,330
912,4079,5004
913,1779,844
914,4576,6117
915,1940,4055
916,44,6153
917,2519,1189
918,3835,3287
919,1808,3916
920,3763,171
921,595,2852
922,1524,867
923,4390,496
924,4872,1240
925,2090,2728
926,3412,4628
927,3786,388
928,1158,188
929,1305,3812
930,856,2079
931,2215,3263
932,1084,6176
933,1877,481
934,2644,3093
935,5110,4834
936,348,1400
937,489,956
938,3744,4524
939,1131,1538
940,4000,3117
941,1003,3628
942,4219,4378
943,3502,4697
944,3271,265
945,697,1233
946,1126,5033
947,65,3938
948,5212,3381
949,2981,3550
950,3834,2803
951,2598,3776
952,4914,4794
953,471,1178
954,819,3448
955,4995,4859
956,3528,3104
957,812,3899
958,4190,1625
959,2269,3760
960,690,3586
961,3512,3626
962,2916,683
963,2989,604
964,683,486
965,2469,4431
966,639,245
967,278,5114
968,4142,1693
969,147,3510
970,2964,4648
971,3626,5170
972,3646,4114
973,60,4934
974,2476,3770
975,4494,1258
976,5144,3113
977,755,3615
978,4688,3219
979,1704,3683
980,1668,1057
981,531,2510
982,2470,632
983,4759,1215
984,498,1583
985,2537,2127
986,5261,2363
987,1792,2022
988,2827,6108
989,1990,4010
990,2185,1655
991,2084,1550
992,2126,3009
993,1365,398
994,4461,3541
995,4001,4034
996,3308,1699
997,4203,5023
998,3543,3650
999,3672,2506
1000,5062,2009
1001,5148,4428
1002,1358,4454
1003,5320,498
1004,1263,4393
1005,2837,2285
1006,3740,1022
1007,1356,131
1008,3742,5054
1009,553,2084
1010,2518,1824
1011,5175,3277
1012,3015,1342
1013,2080,2872
1014,3496,4727
1015,4893,1740
1016,3486,2062
1017,1174,2771
1018,3905,5066
1019,4475,2807
1020,4205,4948
1021,3325,1928
1022,5181,2028
1023,3881,6146
1024,2121,4257
1025,3809,207
1026,1813,233
1027,64,1716
1028,4254,3477
1029,2083,1262
1030,2929,1771
1031,2631,2570
1032,2717,4821
1033,3050,4671
1034,4207,586
1035,4976,1185
1036,1230,3573
1037,664,2455
1038,4891,1399
1039,3674,3332
1040,195,2837
1041,2455,2775
1042,1325,211
1043,2914,4815
1044,4905,4546
1045,5230,4735
1046,3906,3979
1047,1820,4831
1048,3319,4142
1049,614,5124
1050,4342,1046
1051,1390,3230
1052,634,4487
1053,4351,5031
1054,3829,1970
1055,2676,945
1056,4717,1255
1057,2560,5058
1058,1965,4012
1059,3791,4533
1060,4472,289
1061,1926,4625
1062,5041,3209
1063,2821,4726
1064,762,4763
1065,548,933
1066,3582,4879
1067,4441,2191
1068,5303,3088
1069,28,5127
1070,295,3617
1071,3401,2094
1072,3142,2887
1073,1767,2329
1074,5006,4915
1075,185,1280
1076,2260,4987
1077,173,4324
1078,5143,6116
1079,107,4164
1080,3568,982
1081,2542,777
1082,4617,1523
1083,486,2425
1084,851,5203
1085,931,3144
1086,3194,2114
1087,3446,4227
1088,4562,3186
1089,1102,4313
1090,3091,6083
1091,4442,4270
1092,1469,4134
1093,2653,924
1094,3224,1234
1095,771,669
1096,4246,1363
1097,183,6155
1098,1098,2678
1099,1638,846
1100,776,4977
1101,2172,4569
1102,2730,1478
1103,3250,6104
1104,1927,4705
1105,5301,2834
1106,2109,4750
1107,2568,2717
1108,3925,4519
1109,4986,1373
1110,1049,1652
1111,3590,789
1112,336,758
1113,2701,2305
1114,985,4095
1115,4407,633
1116,3746,3533
1117,2528,1129
1118,392,5117
1119,159,2693
1120,4902,2012
1121,1201,2098
1122,599,1995
1123,1398,2364
1124,2236,2948
1125,2315,5010
1126,4720,4296
1127,857,3536
1128,1630,1064
1129,4749,4889
1130,870,2716
1131,744,4071
1132,1803,6119
1133,577,344
1134,1115,2283
1135,3780,336
1136,1282,1673
1137,3822,4023
1138,4777,3595
1139,2589,589
1140,1042,4003
1141,2076,4338
1142,3274,5211
1143,4661,2564
1144,3163,5201
1145,3416,3466
1146,4851,1654
1147,2705,538
1148,1522,3176
1149,371,753
1150,3129,325
1151,3477,3621
1152,2245,1012
1153,8,5193
1154,4201,1610
1155,4367,5035
1156,1308,2882
1157,3326,1980
1158,3793,1853
1159,2019,3220
1160,5133,4212
1161,67,1365
1162,5098,1691
1163,2993,2806
1164,4464,3175
1165,3841,2086
1166,280,2575
1167,1646,5156
1168,1055,579
1169,2928,2125
1170,298,1719
1171,4580,1352
1172,4433,1592
1173,5363,2082
1174,309,2111
1175,855,3435
1176,3919,4087
1177,952,3376
1178,1919,4341
1179,1279,2870
1180,5016,733
1181,1948,3367
1182,3992,801
1183,4612,3569
1184,433,373
1185,864,1172
1186,2532,565
1187,2277,3205
1188,641,2120
1189,4802,6161
1190,752,3702
1191,3824,1969
1192,793,1942
1193,1800,5095
1194,5009,3881
1195,1167,100
1196,1695,516
1197,968,3384
1198,2104,3106
1199,3482,718
1200,1854,2877
1201,1545,2753
1202,1370,2422
1203,1164,1648
1204,5130,2875
1205,4709,693
1206,1506,1089
1207,972,3843
1208,559,3923
1209,4644,4441
1210,4518,478
1211,3634,3753
1212,5077,377
1213,3997,4067
1214,5359,2385
1215,3220,648
1216,1403,1530
1217,1426,1106
1218,911,4051
1219,1482,4426
1220,3651,535
1221,5018,2652
1222,2637,4571
1223,1902,1718
1224,789,3866
1225,1654,4793
1226,1560,2168
1227,389,470
1228,2322,2426
1229,126,1176
1230,182,5034
1231,1855,1894
1232,2101,898
1233,1671,2557
1234,2581,3529
1235,1511,6163
1236,5040,3167
1237,4821,2707
1238,3130,1726
1239,1394,4868
1240,2100,4803
1241,1170,3329
1242,2913,3249
1243,39,3511
1244,2377,1491
1245,1658,15
1246,495,50
1247,3298,4922
1248,3876,275
1249,191,2446
1250,3830,1353
1251,1244,2801
1252,3448,2552
1253,4585,2650
1254,4972,994
1255,600,2195
1256,3023,3250
1257,3819,3502
1258,4270,96
1259,2306,5202
1260,5340,4091
1261,4249,2992
1262,5260,530
1263,5096,5231
1264,978,754
1265,1280,1010
1266,4279,268
1267,5074,2725
1268,1038,980
1269,3518,4031
1270,3902,2118
1271,1590,3867
1272,4798,5012
1273,238,1026
1274,2094,1480
1275,3483,3915
1276,4357,1404
1277,2140,709
1278,4431,4791
1279,3843,2679
1280,1354,1553
1281,188,2360
1282,2779,3687
1283,3863,3798
1284,3747,2104
1285,2409,3855
1286,3370,975
1287,1917,4202
1288,2068,270
1289,2829,3966
1290,2572,919
1291,1238,6098
1292,2411,4210
1293,4241,2976
1294,3122,3013
1295,4089,1850
1296,603,4102
1297,2321,3929
1298,4099,2470
1299,4650,557
1300,2342,2945
1301,4118,4642
1302,2396,717
1303,5120,2922
1304,3969,2923
1305,3160,1837
1306,4247,3942
1307,1166,5122
1308,538,1115
1309,3652,1414
1310,4878,4950
1311,5072,3471
1312,4299,3311
1313,619,3731
1314,2217,4938
1315,5002,3614
1316,3707,4147
1317,4846,5185
1318,2492,2115
1319,46,4111
1320,4681,834
1321,722,3406
1322,4792,3794
1323,1273,61
1324,3400,3972
1325,1869,811
1326,2358,2219
1327,1568,2933
1328,4563,829
1329,3578,4954
1330,2112,3442
1331,3789,4652
1332,2698,4656
1333,3187,972
1334,5250,3103
1335,4359,116
1336,390,909
1337,5073,4002
1338,217,471
1339,1521,3829
1340,4708,2321
1341,1267,2412
1342,2320,2126
1343,1137,4960
1344,4176,2234
1345,54,4000
1346,4213,3273
1347,2797,6100
1348,1571,215
1349,273,1934
1350,3654,3040
1351,3670,424
1352,1999,732
1353,645,2261
1354,1136,2462
1355,3192,2270
1356,3259,47
1357,186,2041
1358,2337,296
1359,3,2835
1360,3684,2695
1361,460,4130
1362,4983,519
1363,1510,2440
1364,3800,6097
1365,2711,608
1366,1296,1885
1367,462,1456
1368,544,2991
1369,3219,2157
1370,5252,5217
1371,3880,4259
1372,1741,925
1373,4314,5159
1374,2629,4369
1375,987,5025
1376,4073,2643
1377,2291,2696
1378,3539,210
1379,860,2080
1380,4966,1061
1381,2050,4306
1382,419,2298
1383,1557,3522
1384,1575,3411
1385,2229,4717
1386,2975,2914
1387,2328,3749
1388,2595,4537
1389,5221,368
1390,4169,76
1391,2974,5053
1392,4974,1746
1393,5360,3443
1394,1606,4199
1395,816,4743
1396,5262,1216
1397,2499,3958
1398,1659,133
1399,1369,2511
1400,3574,1888
1401,4061,4606
1402,4522,122
1403,255,4523
1404,122,1972
1405,1678,2676
1406,6,3802
1407,2789,4577
1408,2160,4532
1409,2193,4190
1410,2773,2994
1411,3210,2291
1412,4085,1419
1413,5297,1920
1414,2632,4263
1415,4801,2672
1416,620,1715
1417,3101,2640
1418,4072,4304
1419,1499,2299
1420,5353,2642
1421,1173,6145
1422,3396,4640
1423,2318,4070
1424,4733,312
1425,4255,2712
1426,3141,140
1427,727,6169
1428,88,1014
1429,2951,2025
1430,1554,4241
1431,4420,1107
1432,1924,1318
1433,4086,6186
1434,4623,647
1435,4149,2095
1436,5235,4238
1437,1339,3403
1438,2774,2612
1439,2987,1750
1440,1129,503
1441,2918,1393
1442,1094,2092
1443,1261,4074
1444,1579,4796
1445,991,4962
1446,3164,4801
1447,3162,3933
1448,463,4748
1449,4293,616
1450,3004,2602
1451,1392,4677
1452,2596,1049
1453,393,1481
1454,3469,4630
1455,2497,280
1456,3208,4479
1457,4608,3017
1458,1995,297
1459,5176,1321
1460,3126,2053
1461,2612,1579
1462,3299,4057
1463,2885,253
1464,1471,168
1465,4349,4121
1466,3324,135
1467,2006,446
1468,2806,2488
1469,154,2816
1470,160,1406
1471,5107,4882
1472,2030,1356
1473,3544,1567
1474,2285,836
1475,2694,4015
1476,3109,49
1477,564,4819
1478,3103,1710
1479,4496,2754
1480,2904,3368
1481,3336,6084
1482,2330,939
1483,4812,4575
1484,3988,9
1485,820,1164
1486,4967,4966
1487,3290,4822
1488,2743,2037
1489,3440,314
1490,264,514
1491,2429,4682
1492,3580,3830
1493,4037,3248
1494,2763,1056
1495,3408,4371
1496,2139,2535
1497,1397,4080
1498,5236,572
1499,1974,3482
1500,5203,480
1501,2334,194
1502,262,262
1503,2350,4752
1504,681,1270
1505,1215,4846
1506,3124,442
1507,1669,4937
1508,637,3064
1509,2314,4499
1510,4971,3108
1511,4998,129
1512,3075,181
1513,1670,1534
1514,4055,2805
1515,384,4842
1516,4177,2307
1517,4101,3169
1518,604,2460
1519,4365,4884
1520,2997,4268
1521,3449,1762
1522,4090,4507
1523,3701,267
1524,2284,4615
1525,1387,4813
1526,4640,1974
1527,2664,4463
1528,4757,3548
1529,2189,711
1530,1888,839
1531,1032,4736
1532,5118,1072
1533,1470,4955
1534,4604,3276
1535,4067,396
1536,5169,5167
1537,2436,4349
1538,1416,746
1539,2431,2019
1540,796,63
1541,5141,4616
1542,1818,1929
1543,821,3165
1544,302,1445
1545,3604,4172
1546,4956,1187
1547,3957,1409
1548,4519,1415
1549,2365,3955
1550,1712,3207
1551,3302,3338
1552,3628,2950
1553,2001,1459
1554,1025,2762
1555,3671,4433
1556,562,5165
1557,1381,873
1558,4696,5115
1559,4574,912
1560,581,3960
1561,3371,384
1562,5139,2187
1563,1195,4687
1564,4339,4626
1565,1631,967
1566,2352,5050
1567,3492,421
1568,2675,2139
1569,3610,217
1570,2359,4445
1571,4102,6073
1572,4499,1142
1573,640,4983
1574,205,2033
1575,4211,2596
1576,1310,456
1577,2506,3743
1578,4655,521
1579,2347,370
1580,1070,3527
1581,1910,2883
1582,2345,581
1583,2392,4194
1584,4027,4713
1585,3549,1430
1586,1677,4096
1587,5113,2742
1588,3291,2909
1589,2036,2516
1590,3381,974
1591,3823,659
1592,701,2402
1593,1478,2090
1594,16,4282
1595,2576,5090
1596,5085,2536
1597,1599,1555
1598,4286,3318
1599,172,228
1600,1221,1457
1601,1666,2895
1602,896,1334
1603,1517,1987
1604,5151,783
1605,4147,6096
1606,3676,4566
1607,2881,1544
1608,29,3857
1609,1216,3026
1610,1457,3240
1611,4401,3948
1612,1194,283
1613,1969,3580
1614,4769,5125
1615,3768,1282
1616,2242,3877
1617,5019,5207
1618,3100,2237
1619,2617,1569
1620,110,4644
1621,3453,4237
1622,3859,1167
1623,3665,747
1624,3148,4208
1625,1735,4423
1626,2667,2392
1627,2550,851
1628,3533,2750
1629,166,2618
1630,4615,4016
1631,3281,3695
1632,3895,3107
1633,1270,2386
1634,2767,1784
1635,4113,1895
1636,2233,3226
1637,624,5209
1638,2888,5241
1639,4377,2068
1640,4267,3718
1641,2801,3817
1642,1786,4572
1643,4320,6089
1644,3854,1207
1645,3986,1661
1646,2394,842
1647,3679,1098
1648,5232,3764
1649,4981,993
1650,5214,3797
1651,3018,1787
1652,1746,1890
1653,555,3600
1654,254,3620
1655,4713,3554
1656,5271,2034
1657,1812,2812
1658,2702,2224
1659,431,1531
1660,2942,2008
1661,782,6099
1662,5093,741
1663,5079,14
1664,1110,596
1665,2691,2393
1666,3990,2845
1667,3014,75
1668,5321,2734
1669,969,1428
1670,4881,2847
1671,3289,3227
1672,1289,2430
1673,4929,2721
1674,3613,561
1675,4399,2073
1676,394,4127
1677,3944,1557
1678,340,1636
1679,2514,2670
1680,135,4887
1681,4634,4138
1682,2977,766
1683,4459,1028
1684,1931,671
1685,4443,1744
1686,148,6160
1687,131,3341
1688,602,3110
1689,4647,2859
1690,2152,3514
1691,2190,3437
1692,3682,3648
1693,3918,1560
1694,190,4755
1695,3667,8
1696,981,3975
1697,480,3467
1698,4330,1511
1699,133,4464
1700,824,1297
1701,3798,2013
1702,2535,2163
1703,2943,2921
1704,4756,4347
1705,4916,991
1706,1607,2472
1707,2696,964
1708,61,2483
1709,3080,2427
1710,2458,2891
1711,3447,284
1712,2646,3173
1713,1301,97
1714,2286,4631
1715,625,2330
1716,505,795
1717,4030,3631
1718,2270,2072
1719,4222,3858
1720,4195,3237
1721,1804,3901
1722,627,585
1723,611,1585
1724,3168,1880
1725,903,183
1726,2004,4623
1727,801,4811
1728,4167,3362
1729,1009,2694
1730,3595,3337
1731,1061,852
1732,1857,4720
1733,3107,1516
1734,1681,539
1735,3005,3353
1736,4248,2569
1737,623,1963
1738,2805,529
1739,3280,1926
1740,933,1545
1741,1058,3730
1742,2434,237
1743,807,695
1744,764,4412
1745,1241,2525
1746,4588,232
1747,5228,3102
1748,2999,1841
1749,454,877
1750,1085,1657
1751,2896,2528
1752,407,2021
1753,886,4997
1754,2357,2971
1755,4592,234
1756,2097,2770
1757,2074,917
1758,446,2601
1759,4511,595
1760,3804,3204
1761,3542,2345
1762,2263,1195
1763,4023,861
1764,3432,494
1765,3016,3882
1766,2456,1968
1767,5226,1597
1768,5145,369
1769,1436,430
1770,1667,6085
1771,1242,1194
1772,2119,969
1773,2432,3967
1774,1930,4663
1775,2070,2745
1776,1896,4321
1777,2052,1869
1778,2618,1205
1779,2724,3347
1780,3947,4330
1781,5158,4478
1782,1421,3788
1783,1218,1859
1784,651,3577
1785,2932,4725
1786,733,4530
1787,2443,883
1788,4979,4255
1789,363,5130
1790,2886,293
1791,2026,5135
1792,3347,2451
1793,3230,750
1794,1013,1751
1795,1608,2958
1796,5088,992
1797,1479,2757
1798,3293,4817
1799,3388,4052
1800,332,4777
1801,70,1578
1802,5125,2772
1803,1125,3138
1804,3927,1977
1805,2649,2561
1806,4887,1832
1807,4105,5080
1808,4074,1341
1809,5048,4828
1810,5101,1630
1811,3066,1635
1812,597,4856
1813,2948,2108
1814,4066,4661
1815,1467,1122
1816,4639,3744
1817,5195,2123
1818,3559,4187
1819,3630,4024
1820,4318,3383
1821,930,6079
1822,490,3854
1823,1717,3409
1824,1937,3436
1825,4541,2889
1826,269,4806
1827,2546,2886
1828,1411,3876
1829,694,165
1830,1408,434
1831,3856,2210
1832,3425,1248
1833,1269,570
1834,5216,5119
1835,3939,84
1836,1756,3298
1837,1198,4587
1838,1770,1257
1839,362,2843
1840,4309,2217
1841,3909,666
1842,4643,4144
1843,5223,3444
1844,4306,4850
1845,2148,4284
1846,2854,1287
1847,43,588
1848,2013,3532
1849,5007,4906
1850,4894,3861
1851,1140,3763
1852,4813,2920
1853,990,4838
1854,447,626
1855,3327,4226
1856,5343,1898
1857,4975,4021
1858,4139,838
1859,892,4472
1860,9,4591
1861,1118,3279
1862,366,1528
1863,4635,3054
1864,1640,2703
1865,4992,3041
1866,2820,4664
1867,676,902
1868,772,3634
1869,360,765
1870,1265,4797
1871,3873,142
1872,5186,3112
1873,4567,57
1874,475,2130
1875,1348,2230
1876,4258,3932
1877,228,594
1878,4265,961
1879,4411,4108
1880,452,1998
1881,1461,820
1882,418,2531
1883,2136,2150
1884,1637,1485
1885,1502,1222
1886,5022,2748
1887,4514,2656
1888,1050,2867
1889,4673,3842
1890,528,4103
1891,2807,315
1892,2895,4658
1893,1518,5138
1894,3233,3647
1895,1679,1479
1896,3167,1576
1897,4669,2414
1898,3471,2607
1899,3019,582
1900,1617,1322
1901,4931,2669
1902,794,5210
1903,3202,4870
1904,3687,1688
1905,3929,3351
1906,1447,4322
1907,5345,4292
1908,1748,2980
1909,1778,3245
1910,2950,5081
1911,2745,1793
1912,1086,1571
1913,1542,4933
1914,4624,2896
1915,3125,928
1916,2583,5044
1917,1828,1502
1918,707,3865
1919,3184,3488
1920,5253,968
1921,902,2134
1922,3619,1325
1923,2567,804
1924,2770,769
1925,3875,4109
1926,68,3910
1927,1880,3677
1928,2202,4053
1929,2834,882
1930,1923,5150
1931,5357,2473
1932,1481,1337
1933,4555,642
1934,3575,3736
1935,4449,1208
1936,2927,2873
1937,1636,2830
1938,1962,3581
1939,4619,1558
1940,3127,4205
1941,3000,2447
1942,1335,4592
1943,4830,6113
1944,3116,3664
1945,1921,4146
1946,1922,767
1947,999,858
1948,1291,2731
1949,2486,3874
1950,2966,5062
1951,2473,1498
1952,3616,107
1953,2288,5160
1954,4626,3121
1955,2879,2257
1956,4374,2253
1957,5027,3504
1958,218,4343
1959,1437,1390
1960,4197,4516
1961,1391,2231
1962,3681,3056
1963,3314,457
1964,2023,784
1965,1275,3873
1966,4722,1304
1967,4751,1180
1968,4361,1451
1969,5337,4562
1970,2371,1157
1971,1983,1165
1972,1441,940
1973,3599,4654
1974,2459,4352
1975,4077,302
1976,2069,3503
1977,3852,1407
1978,482,2840
1979,810,118
1980,610,4073
1981,1304,1911
1982,5138,1681
1983,4080,4191
1984,4009,3705
1985,3165,175
1986,2874,4243
1987,2025,2145
1988,1260,2485
1989,3692,1085
1990,3026,3629
1991,1806,942
1992,4083,3374
1993,3779,1958
1994,1464,2526
1995,5254,1100
1996,1417,2907
1997,1249,4086
1998,1148,5079
1999,2045,2465
2000,4135,1852
2001,3934,3052
2002,3792,2824
2003,3910,4099
2004,5180,2972
2005,1330,3397
2006,1516,3789
2007,2254,4364
2008,3756,3896
2009,3024,1509
2010,4389,4639
2011,630,4439
2012,3874,2004
2013,1583,3497
2014,2274,256
2015,4883,1572
2016,3003,115
2017,913,3728
2018,35,4392
2019,646,2484
2020,647,1357
2021,587,2901
2022,5150,6177
2023,3034,4899
2024,2662,1626
2025,2864,2352
2026,3093,1840
2027,1739,1732
2028,289,1646
2029,4517,1689
2030,1997,5045
2031,41,2347
2032,1595,525
2033,1455,4088
2034,5289,2070
2035,3782,468
2036,3012,1294
2037,4941,2241
2038,3139,120
2039,2064,3216
2040,450,6138
2041,5342,4155
2042,1333,5136
2043,3488,1292
2044,2880,3516
2045,751,4905
2046,4307,3837
2047,4591,2151
2048,4844,4041
2049,3924,2216
2050,3751,1272
2051,5082,3641
2052,4384,4262
2053,872,1773
2054,2699,4601
2055,1180,127
2056,3596,3816
2057,2674,3492
2058,693,2600
2059,878,2323
2060,1868,2107
2061,1371,680
2062,5259,3030
2063,678,2249
2064,3073,3661
2065,2867,2340
2066,2507,3961
2067,2517,3828
2068,1435,1761
2069,3709,6175
2070,2197,34
2071,4196,1608
2072,1776,2184
2073,1276,2419
2074,4888,3224
2075,2488,3993
2076,4477,4388
2077,4277,4008
2078,2571,1933
2079,1578,3004
2080,441,4766
2081,4231,6162
2082,926,65
2083,4785,77
2084,3889,1316
2085,2565,1960
2086,437,692
2087,1885,1434
2088,1004,3124
2089,453,1547
2090,1942,1454
2091,3052,2396
2092,3345,4559
2093,3090,1915
2094,1773,2058
2095,658,277
2096,219,4779
2097,4210,675
2098,2957,1984
2099,2073,3073
2100,849,4368
2101,2244,990
2102,49,1656
2103,1552,285
2104,1445,1954
2105,1089,751
2106,4865,1678
2107,5095,3590
2108,2584,2435
2109,4741,1081
2110,3342,3116
2111,3442,3531
2112,4803,674
2113,4795,809
2114,539,4781
2115,3392,1609
2116,1573,4945
2117,2949,3840
2118,2430,901
2119,4599,2331
2120,1152,3685
2121,2134,2782
2122,4462,1121
2123,2447,3031
2124,568,4001
2125,4313,5042
2126,3748,4458
2127,3814,782
2128,1014,986
2129,2364,258
2130,1274,4982
2131,470,4027
2132,145,4040
2133,3546,66
2134,1040,4264
2135,4474,2995
2136,3760,1537
2137,1781,3657
2138,3722,4219
2139,3111,5164
2140,891,3947
2141,4952,5003
2142,585,3737
2143,1886,1281
2144,305,2534
2145,4895,4605
2146,4364,2159
2147,3564,117
2148,3385,2623
2149,5029,2638
2150,3941,1768
2151,5313,878
2152,4206,419
2153,3642,3528
2154,4745,105
2155,1292,1155
2156,4586,2714
2157,3995,908
2158,2042,2495
2159,3888,2413
2160,1021,4668
2161,355,4474
2162,385,2103
2163,4126,3032
2164,2769,1614
2165,2187,1684
2166,1278,4442
2167,5047,1836
2168,2594,1128
2169,2002,2673
2170,2790,696
2171,516,3656
2172,2091,2173
2173,3179,2423
2174,1787,506
2175,1790,4354
2176,780,2279
2177,2795,987
2178,132,3505
2179,4569,2056
2180,3970,2547
2181,3214,1936
2182,2163,3509
2183,1393,3994
2184,4738,3392
2185,423,4984
2186,4598,353
2187,3911,3375
2188,825,3989
2189,3270,1070
2190,3607,1908
2191,1320,573
2192,4530,4898
2193,352,2179
2194,1285,2222
2195,75,612
2196,331,694
2197,1213,1709
2198,1913,4061
2199,1984,150
2200,103,5149
2201,4637,2504
2202,3711,1458
2203,3174,3449
2204,5348,1663
2205,4337,3074
2206,1490,2982
2207,1916,3692
2208,3415,461
2209,3369,1198
2210,1848,3543
2211,1451,1264
2212,4731,1344
2213,2626,4254
2214,4410,2477
2215,2911,2629
2216,1000,1418
2217,1963,4618
2218,4062,3072
2219,4392,2610
2220,3071,295
2221,1247,3738
2222,4744,2902
2223,3942,870
2224,4316,1350
2225,586,490
2226,1497,1431
2227,3246,4314
2228,2281,4712
2229,680,1299
2230,2744,4536
2231,2481,3603
2232,1766,1055
2233,248,4163
2234,737,1507
2235,3864,1236
2236,4531,3976
2237,5167,2188
2238,4157,5244
2239,4463,3487
2240,942,5111
2241,4618,5105
2242,1613,3721
2243,4841,3035
2244,4990,278
2245,2765,1273
2246,2749,3836
2247,4165,3390
2248,588,2662
2249,3229,2247
2250,1661,5213
2251,411,4089
2252,1222,1041
2253,2907,3534
2254,1355,269
2255,5064,4214
2256,245,4410
2257,3907,2774
2258,3322,4716
2259,3872,2325
2260,1794,517
2261,2591,3706
2262,2551,2732
2263,1566,5084
2264,34,4912
2265,15,1359
2266,2259,5078
2267,5055,79
2268,2327,2254
2269,72,3423
2270,4527,1161
2271,1509,742
2272,2953,1059
2273,4997,1310
2274,1245,1137
2275,3828,4004
2276,4172,1588
2277,374,3759
2278,1503,1160
2279,1106,4327
2280,1211,860
2281,2501,4196
2282,3527,1775
2283,829,2338
2284,2124,4365
2285,4003,3078
2286,1621,1039
2287,1344,1380
2288,1378,4970
2289,2393,193
2290,3104,4993
2291,3354,2735
2292,2695,3096
2293,643,3047
2294,2755,1489
2295,51,793
2296,521,2913
2297,4734,3823
2298,4874,4627
2299,4550,1962
2300,2363,1361
2301,2719,1402
2302,4242,5220
2303,598,665
2304,515,3755
2305,3350,1813
2306,3922,3859
2307,2757,1079
2308,5128,1708
2309,1743,2973
2310,5099,668
2311,5100,2161
2312,1742,4430
2313,232,31
2314,5306,1827
2315,3536,661
2316,802,43
2317,2223,13
2318,1799,545
2319,3257,3036
2320,2282,725
2321,134,2866
2322,3538,3673
2323,2764,4978
2324,3656,4553
2325,578,3069
2326,3227,3089
2327,4214,2051
2328,3715,2710
2329,465,734
2330,2111,3345
2331,3788,2093
2332,3785,2264
2333,106,144
2334,2610,408
2335,4385,4310
2336,3649,1112
2337,105,1412
2338,4651,1211
2339,2761,1939
2340,1161,6109
2341,2423,226
2342,4596,2388
2343,3998,2823
2344,2785,1274
2345,2716,716
2346,3584,5026
2347,5084,1312
2348,5291,45
2349,5211,319
2350,4934,4013
2351,404,2507
2352,266,4059
2353,567,4862
2354,787,4522
2355,3086,4608
2356,4903,1486
2357,4664,1992
2358,3332,2940
2359,4,2097
2360,3203,4689
2361,3249,1930
2362,4839,3501
2363,1016,835
2364,726,786
2365,5227,2628
2366,808,450
2367,361,36
2368,3730,4385
2369,1685,522
2370,687,4166
2371,3301,4193
2372,3258,4715
2373,4601,1175
2374,4988,4403
2375,1832,4676
2376,2633,869
2377,4989,1044
2378,2510,3462
2379,2700,3659
2380,2739,3266
2381,317,816
2382,2297,4406
2383,2021,2002
2384,4850,2573
2385,4836,6142
2386,2369,607
2387,5168,2424
2388,3343,4353
2389,157,111
2390,1749,644
2391,743,3243
2392,473,2825
2393,905,4917
2394,4984,630
2395,38,4373
2396,5309,3422
2397,5034,1724
2398,1323,1453
2399,4784,3232
2400,1719,499
2401,2721,1554
2402,3180,3416
2403,937,4209
2404,1423,3278
2405,669,1370
2406,3954,1424
2407,4667,4484
2408,5083,439
2409,4075,3213
2410,4578,472
2411,4572,1395
2412,4081,82
2413,3384,757
2414,1375,1627
2415,2762,4242
2416,3144,5110
2417,1549,4244
2418,3428,397
2419,1802,2192
2420,4838,4620
2421,4154,1223
2422,1,2418
2423,1036,978
2424,3303,2459
2425,1635,1288
2426,3555,3655
2427,875,2302
2428,3357,2905
2429,3265,2371
2430,4799,946
2431,1696,5092
2432,5112,2658
2433,3360,962
2434,822,2367
2435,2081,2362
2436,2533,318
2437,1424,1647
2438,4379,667
2439,2214,2985
2440,4289,4582
2441,4628,423
2442,3159,2136
2443,1264,1613
2444,2723,1442
2445,2099,4228
2446,2587,4734
2447,4693,4068
2448,3608,3618
2449,4789,391
2450,2145,542
2451,3487,3688
2452,3904,53
2453,2677,1191
2454,2556,2213
2455,1689,3288
2456,4354,3601
2457,2003,4154
2458,2155,3943
2459,2034,2722
2460,5043,3671
2461,3306,4451
2462,2033,655
2463,3307,71
2464,445,1967
2465,3802,1221
2466,2438,2962
2467,94,4140
2468,1480,3361
2469,5287,2482
2470,1501,1570
2471,4200,1328
2472,4687,6127
2473,3110,4851
2474,3092,2949
2475,3387,1649
2476,3611,1416
2477,4119,1007
2478,4602,2296
2479,2973,4990
2480,1427,5233
2481,2766,2560
2482,4128,3519
2483,1508,3907
2484,4714,740
2485,2512,3925
2486,4107,3637
2487,4536,866
2488,5183,954
2489,2237,691
2490,3297,6075
2491,5179,893
2492,838,2544
2493,1450,288
2494,3464,5179
2495,1454,4025
2496,2878,3670
2497,4353,2193
2498,1420,3247
2499,466,4493
2500,3114,2811
2501,2968,5038
2502,1001,1568
2503,1947,3508
2504,365,4684
2505,1805,2420
2506,629,1985
2507,1980,2850
2508,91,3686
2509,2078,4020
2510,4573,1319
2511,699,1642
2512,2057,627
2513,4528,341
2514,1627,3726
2515,1513,1186
2516,4943,5184
2517,1842,3767
2518,2252,4222
2519,2380,798
2520,1838,6118
2521,3217,3732
2522,3801,137
2523,1775,4911
2524,1101,3271
2525,1147,1199
2526,2890,2226
2527,2130,1420
2528,795,4328
2529,3661,381
2530,3806,2466
2531,2630,437
2532,1229,1494
2533,118,3793
2534,212,1897
2535,4969,1500
2536,2825,4694
2537,2159,1278
2538,1342,1857
2539,4858,2848
2540,2548,653
2541,3663,989
2542,2844,3480
2543,84,3244
2544,1665,4358
2545,889,42
2546,3433,2099
2547,4446,4930
2548,4188,4402
2549,4590,2233
2550,3017,1586
2551,497,1854
2552,4767,884
2553,3263,6133
2554,2108,957
2555,1459,6158
2556,2619,2795
2557,2530,3233
2558,4458,1756
2559,2147,2318
2560,3517,4308
2561,2688,1685
2562,1605,4574
2563,4450,72
2564,746,792
2565,3121,3552
2566,3037,191
2567,4156,3986
2568,2747,459
2569,4752,510
2570,4900,2096
2571,5004,3214
2572,3592,3208
2573,2343,6190
2574,3503,3071
2575,1649,438
2576,4490,2431
2577,1188,19
2578,5165,2550
2579,1046,159
2580,4310,352
2581,4260,357
2582,3473,4230
2583,3317,340
2584,2792,2814
2585,252,534
2586,3244,4462
2587,5280,854
2588,3269,3992
2589,225,1765
2590,939,1811
2591,1684,3328
2592,3826,2955
2593,2060,2864
2594,1527,807
2595,1904,3405
2596,2487,208
2597,2903,5163
2598,523,1777
2599,4429,5173
2600,1556,2747
2601,2493,2319
2602,1732,515
2603,1629,1444
2604,2179,624
2605,2638,306
2606,504,2799
2607,3102,4395
2608,814,4153
2609,4658,4473
2610,4125,3689
2611,3128,3357
2612,4398,3642
2613,3962,4203
2614,120,1011
2615,3481,2258
2616,4292,402
2617,2115,4871
2618,3235,6105
2619,628,979
2620,2440,4491
2621,4724,322
2622,4387,1087
2623,4166,2198
2624,4727,3610
2625,2110,4768
2626,5361,339
2627,1853,3775
2628,2087,1253
2629,2897,1484
2630,2851,2394
2631,2313,4891
2632,2406,2001
2633,2085,3000
2634,234,2284
2635,5323,3307
2636,2709,2452
2637,803,3540
2638,5190,1472
2639,835,3498
2640,455,3786
2641,1496,1246
2642,4963,4461
2643,5106,4318
2644,3920,2292
2645,1562,900
2646,1317,4674
2647,3466,5215
2648,5198,6077
2649,4328,1303
2650,5239,1401
2651,2240,4459
2652,3641,4510
2653,2787,3486
2654,996,602
2655,4620,2989
2656,202,83
2657,2802,2223
2658,951,3313
2659,924,106
2660,4439,405
2661,922,2869
2662,11,310
2663,3154,91
2664,2095,1631
2665,3719,2476
2666,1498,148
2667,2462,4619
2668,774,2221
2669,5060,2592
2670,682,4580
2671,728,601
2672,4970,547
2673,2276,331
2674,4029,1864
2675,713,3188
2676,767,2540
2677,4565,3284
2678,2199,4407
2679,4426,3585
2680,4121,813
2681,953,4759
2682,3794,4042
2683,935,1103
2684,3956,2880
2685,5044,2077
2686,314,4666
2687,4078,1001
2688,4787,1102
2689,3480,3496
2690,4131,2007
2691,2410,3045
2692,1477,4370
2693,4954,3272
2694,711,4038
2695,2211,4090
2696,3058,4964
2697,5283,1816
2698,3275,4758
2699,1254,2935
2700,4516,3022
2701,2679,1284
2702,2038,2804
2703,2718,3470
2704,3033,4621
2705,1655,1162
2706,4370,4812
2707,1882,3336
2708,4662,4137
2709,2722,6137
2710,2439,3781
2711,549,773
2712,1146,2030
2713,4294,3439
2714,570,1324
2715,417,5009
2716,3001,2181
2717,4686,4295
2718,3009,2953
2719,368,1024
2720,5042,906
2721,301,3780
2722,4809,708
2723,4816,2773
2724,1361,2240
2725,2088,4952
2726,3943,3050
2727,3261,4411
2728,4447,4391
2729,3898,4874
2730,2863,4830
2731,4537,3936
2732,2271,299
2733,832,2380
2734,4489,4581
2735,843,4825
2736,168,1988
2737,4032,4855
2738,4020,62
2739,93,3903
2740,2690,3644
2741,3028,324
2742,1761,1427
2743,5005,3500
2744,3813,4518
2745,4936,3428
2746,2325,4315
2747,2231,1327
2748,213,802
2749,5329,3959
2750,4609,1173
2751,4460,2197
2752,5033,806
2753,3361,3891
2754,1982,4171
2755,4285,2175
2756,1309,996
2757,2339,636
2758,1401,841
2759,5091,4681
2760,287,2894
2761,311,5133
2762,3355,3178
2763,1119,4384
2764,1784,88
2765,830,4494
2766,2437,4534
2767,4430,3469
2768,1624,1924
2769,2289,379
2770,5071,6166
2771,3484,4767
2772,3783,3863
2773,2457,1604
2774,3686,1957
2775,4338,1596
2776,3558,2074
2777,3190,3769
2778,2579,2288
2779,3980,1504
2780,721,3275
2781,3158,4139
2782,4129,2407
2783,4215,1200
2784,1039,3101
2785,69,1452
2786,760,4065
2787,507,1981
2788,4597,68
2789,4937,1820
2790,1909,4186
2791,1840,1757
2792,4435,1599
2793,1277,1525
2794,2248,3086
2795,1835,4973
2796,4341,5216
2797,5218,5204
2798,2482,2711
2799,2137,176
2800,3501,3640
2801,769,5006
2802,3862,1822
2803,1329,4741
2804,4768,4170
2805,5159,2706
2806,2809,558
2807,3485,4195
2808,5272,5082
2809,3135,426
2810,2628,1396
2811,3170,2769
2812,4480,99
2813,511,2358
2814,4832,488
2815,1313,4999
2816,5222,3053
2817,4919,1611
2818,1193,3456
2819,4303,4424
2820,201,1247
2821,3046,482
2822,2017,356
2823,1283,2853
2824,4344,3821
2825,3816,4466
2826,400,3566
2827,2389,4972
2828,4889,2786
2829,2066,1466
2830,1692,3997
2831,1104,699
2832,3697,4076
2833,3897,1665
2834,3439,4722
2835,3366,654
2836,2527,686
2837,2153,2183
2838,4288,4075
2839,1171,3160
2840,3567,4753
2841,4581,4629
2842,1701,2871
2843,79,4125
2844,112,509
2845,1525,5046
2846,3094,3747
2847,4056,5139
2848,1611,4547
2849,382,5178
2850,4691,4612
2851,2909,3818
2852,4705,4916
2853,2305,4293
2854,1977,4975
2855,5305,2024
2856,2908,2043
2857,4621,202
2858,1133,2055
2859,4835,495
2860,3938,1260
2861,2872,2014
2862,137,631
2863,125,5055
2864,1688,952
2865,1760,4224
2866,3678,4857
2867,4701,2635
2868,1985,126
2869,4244,2838
2870,4699,1052
2871,4568,2624
2872,3702,656
2873,1967,4866
2874,940,4593
2875,1043,3358
2876,373,2682
2877,4663,25
2878,101,2235
2879,1582,2243
2880,474,2355
2881,3079,771
2882,350,4387
2883,2312,3930
2884,3585,2749
2885,4456,2121
2886,1255,1700
2887,853,2409
2888,1964,5240
2889,725,5221
2890,677,682
2891,2283,6123
2892,1414,3838
2893,3506,1855
2894,1159,2379
2895,5317,4860
2896,648,4902
2897,3212,4192
2898,1047,272
2899,5247,3291
2900,2102,2102
2901,1298,3791
2902,3407,3598
2903,4743,3494
2904,1604,2429
2905,2814,5116
2906,3097,1817
2907,3673,4124
2908,1460,298
2909,2007,1937
2910,679,387
2911,3120,3465
2912,5346,259
2913,818,5144
2914,3445,350
2915,525,218
2916,196,276
2917,2118,5059
2918,1360,346
2919,4526,944
2920,4095,143
2921,4607,4818
2922,2621,3181
2923,2020,3879
2924,526,3682
2925,456,1332
2926,1971,4489
2927,3931,1385
2928,1520,3860
2929,3240,1680
2930,1994,1241
2931,2195,3602
2932,5028,4514
2933,4594,2831
2934,1753,1798
2935,224,3265
2936,3818,2315
2937,510,393
2938,1251,1671
2939,4566,2148
2940,941,2158
2941,2416,2214
2942,5296,2313
2943,468,1618
2944,4653,3825
2945,5154,1497
2946,174,1076
2947,756,577
2948,1331,3512
2949,4910,3168
2950,5185,44
2951,2028,4845
2952,783,3756
2953,3112,6187
2954,1163,1682
2955,2349,3900
2956,2862,4500
2957,512,2032
2958,2972,3254
2959,2213,921
2960,1714,4929
2961,1652,4131
2962,4345,1238
2963,2135,1505
2964,4831,3082
2965,863,3653
2966,3421,1391
2967,1399,3785
2968,2114,3236
2969,3095,3563
2970,4718,3427
2971,5328,2370
2972,92,2271
2973,1456,4738
2974,1789,635
2975,4646,5056
2976,5300,2588
2977,1801,1378
2978,613,4696
2979,4504,2332
2980,1514,4482
2981,3736,2190
2982,2333,329
2983,3409,1833
2984,809,5048
2985,3658,3574
2986,5202,5075
2987,1012,1990
2988,338,180
2989,1894,5239
2990,1738,3675
2991,1755,1742
2992,2426,4496
2993,2227,257
2994,4947,3850
2995,1544,4635
2996,4886,4460
2997,5358,4174
2998,4476,94
2999,4227,848
3000,2926,3424
3001,1099,955
3002,2877,363
3003,2143,1581
3004,3206,672
3005,4473,4188
3006,207,652
3007,2063,4802
3008,592,5074
3009,2936,571
3010,3566,3146
3011,5213,3962
3012,3228,3319
3013,401,4568
3014,4740,81
3015,5224,1436
3016,4039,4932
3017,3248,1529
3018,2753,103
3019,2996,2720
3020,2708,554
3021,631,935
3022,4402,2335
3023,1780,244
3024,1120,3060
3025,257,390
3026,395,5189
3027,1299,1250
3028,3238,4776
3029,3700,4719
3030,3437,3717
3031,4324,555
3032,2453,4863
3033,3296,2496
3034,20,4670
3035,2454,4529
3036,1181,3709
3037,2648,1759
3038,3524,3553
3039,5255,4600
3040,1541,2260
3041,3987,907
3042,3311,3944
3043,4375,2211
3044,2029,1374
3045,1253,2633
3046,2015,3264
3047,4880,3741
3048,3914,592
3049,3098,4471
3050,3344,4043
3051,5090,3472
3052,3660,3320
3053,1153,1866
3054,250,2489
3055,434,824
3056,1495,1311
3057,674,5005
3058,3669,776
3059,3099,1276
3060,3840,2081
3061,1824,3344
3062,3993,124
3063,5078,5077
3064,3041,2065
3065,1601,1306
3066,2984,2713
3067,4162,1441
3068,2849,3059
3069,2495,1483
3070,356,5238
3071,58,2567
3072,1950,4783
3073,2835,5195
3074,27,2089
3075,1044,3623
3076,4807,1368
3077,2461,2344
3078,4721,2790
3079,1603,5106
3080,1986,1910
3081,4160,287
3082,2663,1600
3083,4723,1120
3084,1593,1862
3085,86,1901
3086,2027,355
3087,2203,3019
3088,2188,3613
3089,5354,3438
3090,1257,3824
3091,78,1084
3092,2661,1
3093,784,4810
3094,5201,1062
3095,5036,1468
3096,3330,5096
3097,3189,1490
3098,1757,4317
3099,1023,2609
3100,5322,3701
3101,4381,2491
3102,1410,1591
3103,865,1438
3104,2868,3430
3105,3860,533
3106,970,5020
3107,4134,2741
3108,5051,4085
3109,1374,98
3110,3587,1677
3111,2468,6181
3112,1332,2719
3113,4871,4609
3114,4791,407
3115,341,1666
3116,1834,2810
3117,150,4346
3118,1769,2697
3119,4054,6164
3120,2684,3742
3121,5067,2587
3122,3710,128
3123,4863,1154
3124,1293,3201
3125,1731,109
3126,2435,1668
3127,4024,67
3128,4424,177
3129,1939,239
3130,545,4
3131,277,1196
3132,4642,4864
3133,992,3937
3134,773,774
3135,4652,5112
3136,3495,4686
3137,1539,4877
3138,4031,3892
3139,852,853
3140,4728,805
3141,837,2571
3142,3781,1267
3143,121,4772
3144,2323,1745
3145,998,2334
3146,3883,3299
3147,4606,3225
3148,5350,3283
3149,2582,2381
3150,4770,4926
3151,3061,819
3152,4909,1582
3153,4794,2626
3154,4605,3183
3155,2463,6115
3156,155,4942
3157,4901,526
3158,1563,1997
3159,668,2
3160,800,1405
3161,4035,3131
3162,3916,1670
3163,4822,190
3164,2614,2225
3165,142,527
3166,917,775
3167,3570,2075
3168,4421,436
3169,1324,1023
3170,3735,5037
3171,3890,5088
3172,251,3057
3173,4405,501
3174,344,255
3175,806,1979
3176,3389,1013
3177,5174,2718
3178,4274,1619
3179,3372,52
3180,4376,1417
3181,5152,3042
3182,3994,2733
3183,4922,4404
3184,1876,2245
3185,265,639
3186,1634,3765
3187,779,2892
3188,4100,1437
3189,897,551
3190,844,569
3191,947,3389
3192,1856,4827
3193,2401,4457
3194,1534,3624
3195,1150,5029
3196,1169,3099
3197,1111,6114
3198,243,3049
3199,4326,6131
3200,3704,4331
3201,4228,3290
3202,3334,2530
3203,3146,3386
3204,290,941
3205,3677,2918
3206,4811,3158
3207,2174,3114
3208,3451,4312
3209,3541,872
3210,1632,3137
3211,5146,4149
3212,424,2147
3213,2446,2685
3214,1379,2453
3215,2480,6147
3216,2857,2598
3217,2173,4840
3218,3579,3518
3219,2838,4011
3220,4915,3700
3221,2529,1384
3222,2871,3918
3223,2869,3889
3224,5234,4910
3225,1117,6129
3226,4898,365
3227,4358,2015
3228,1406,216
3229,4648,3506
3230,5225,4638
3231,1072,460
3232,3044,3844
3233,3348,2947
3234,130,3454
3235,499,2846
3236,3923,2582
3237,2405,157
3238,520,3260
3239,4884,4260
3240,48,3699
3241,2198,823
3242,842,3129
3243,5149,685
3244,5020,3530
3245,2799,3633
3246,4906,1982
3247,2466,4401
3248,494,2490
3249,270,3452
3250,5233,985
3251,2833,3499
3252,2539,560
3253,4939,4351
3254,1071,3292
3255,3884,4774
3256,703,3853
3257,3455,1094
3258,4820,3864
3259,2196,29
3260,3020,4795
3261,1807,2238
3262,3777,4176
3263,4677,5142
3264,2893,3733
3265,3850,4415
3266,1535,1947
3267,5024,3065
3268,4007,1475
3269,1073,4585
3270,3912,3321
3271,1774,1713
3272,883,4413
3273,3123,2943
3274,2666,4823
3275,429,4048
3276,5065,3862
3277,1474,70
3278,3138,3153
3279,1716,2759
3280,2031,3001
3281,3182,3048
3282,4253,3461
3283,636,504
3284,2092,3198
3285,335,2087
3286,2574,2756
3287,4772,1290
3288,464,3710
3289,1641,2604
3290,2703,3228
3291,1453,415
3292,1372,1355
3293,2513,5021
3294,988,995
3295,4132,4485
3296,2292,358
3297,4534,87
3298,3198,1831
3299,1343,1343
3300,492,1184
3301,2301,4470
3302,2852,294
3303,2858,2893
3304,4525,2141
3305,1580,189
3306,1314,4145
3307,862,2395
3308,2898,2011
3309,2650,2300
3310,4896,2906
3311,4996,2984
3312,4682,2383
3313,1476,4069
3314,4133,1712
3315,3504,3495
3316,2065,1881
3317,204,1266
3318,3762,3380
3319,4670,2523
3320,1830,238
3321,479,2562
3322,4495,55
3323,4427,3359
3324,1747,2480
3325,478,976
3326,3251,4177
3327,1328,3066
3328,3921,3343
3329,1988,1170
3330,3040,1329
3331,2611,2500
3332,403,1622
3333,2884,1989
3334,3732,1847
3335,2636,2045
3336,227,3582
3337,2448,3922
3338,1895,4721
3339,4973,3912
3340,4985,4084
3341,4301,4957
3342,4161,3100
3343,3597,4105
3344,3612,1650
3345,657,458
3346,4112,5101
3347,4762,3256
3348,530,4279
3349,1204,953
3350,50,1183
3351,3936,4662
3352,3338,4513
3353,513,3095
3354,1233,5169
3355,1884,2975
3356,4763,1345
3357,416,3562
3358,5014,817
3359,3855,1493
3360,5310,3894
3361,1491,1075
3362,1850,300
3363,2205,1870
3364,1492,700
3365,3576,2988
3366,4925,4583
3367,2247,3810
3368,3463,286
3369,2425,1653
3370,4482,1548
3371,506,4276
3372,2157,2138
3373,420,1008
3374,2194,4382
3375,3981,1846
3376,4005,1190
3377,2267,4390
3378,1816,1616
3379,4726,2295
3380,1809,714
3381,2924,970
3382,493,2208
3383,2892,2349
3384,169,1118
3385,2355,3151
3386,836,3431
3387,1034,4253
3388,4671,2634
3389,1729,3171
3390,961,2437
3391,4908,583
3392,3036,2375
3393,2498,4665
3394,194,1623
3395,1178,950
3396,1208,4363
3397,3571,1876
3398,4088,988
3399,221,182
3400,97,3142
3401,608,2479
3402,4754,3525
3403,3772,4848
3404,5015,4467
3405,1284,2474
3406,1297,3589
3407,5294,1620
3408,4194,338
3409,4815,3513
3410,467,4389
3411,3689,4551
3412,2697,3126
3413,1740,4122
3414,4848,2428
3415,3356,1387
3416,2338,800
3417,2106,2781
3418,4962,2654
3419,5025,4885
3420,3885,540
3421,230,4337
3422,5251,3419
3423,2500,3697
3424,4725,95
3425,3648,690
3426,1672,454
3427,1846,11
3428,4544,5212
3429,1737,1887
3430,2361,1027
3431,3837,4247
3432,871,2128
3433,432,5024
3434,1303,2502
3435,47,2798
3436,108,1508
3437,841,1896
3438,5157,4278
3439,4854,705
3440,4649,3568
3441,2113,4380
3442,3550,2389
3443,96,3795
3444,421,781
3445,4331,4747
3446,4700,620
3447,1911,3006
3448,4278,2959
3449,2731,3758
3450,80,3920
3451,1912,880
3452,3082,1219
3453,3333,1565
3454,5331,18
3455,3928,1139
3456,4502,4036
3457,2778,3075
3458,2056,2454
3459,3866,1446
3460,1992,3408
3461,1827,3898
3462,2853,4923
3463,2265,4890
3464,2219,6112
3465,2398,4946
3466,1468,2788
3467,261,3139
3468,4719,2493
3469,571,4588
3470,2808,1080
3471,3721,1461
3472,5315,3090
3473,4457,1517
3474,3352,5206
3475,2772,881
3476,934,4162
3477,4818,4849
3478,2452,3523
3479,152,787
3480,1531,186
3481,4868,546
3482,2728,5131
3483,1138,523
3484,4250,2597
3485,4942,1886
3486,1113,2784
3487,1027,1119
3488,5116,973
3489,1135,2020
3490,5001,826
3491,3346,6090
3492,1028,4427
3493,210,1717
3494,3718,1587
3495,2875,3782
3496,4890,6152
3497,31,3120
3498,3151,6087
3499,1266,4026
3500,1007,2029
3501,396,3282
3502,1345,3833
3503,2427,4180
3504,5058,4323
3505,4418,871
3506,4478,1463
3507,1428,1871
3508,615,5014
3509,1082,2227
3510,4584,1134
3511,654,4477
3512,346,3474
3513,321,4893
3514,3213,2303
3515,3171,1068
3516,4110,3170
3517,2569,2579
3518,1647,4434
3519,294,254
3520,481,4316
3521,4538,4655
3522,4899,4843
3523,2736,1675
3524,3413,2346
3525,673,1514
3526,1068,2274
3527,2706,475
3528,4935,3592
3529,2817,1086
3530,2336,5040
3531,4828,918
3532,3089,4211
3533,2986,138
3534,5285,4022
3535,665,4667
3536,983,1429
3537,4321,3189
3538,4559,1991
3539,4840,2031
3540,2847,1786
3541,2752,1697
3542,3242,4277
3543,2402,4325
3544,2253,69
3545,3465,4979
3546,4955,2659
3547,2138,4009
3548,1402,1810
3549,1705,4765
3550,359,2589
3551,2009,2499
3552,77,3297
3553,4853,2951
3554,546,174
3555,2714,5151
3556,4436,4123
3557,5286,1944
3558,3459,1249
3559,4252,464
3560,5366,1038
3561,1768,1271
3562,4660,507
3563,156,2855
3564,2960,2572
3565,3836,4158
3566,3858,198
3567,5298,3235
3568,2866,2478
3569,5122,1168
3570,4232,1326
3571,279,1927
3572,2861,5228
3573,1734,5027
3574,804,810
3575,2901,4814
3576,4556,1360
3577,1057,2509
3578,3827,3846
3579,3053,830
3580,2059,721
3581,1236,3002
3582,237,58
3583,3039,125
3584,259,4511
3585,2710,2765
3586,4796,5019
3587,1272,3014
3588,4455,937
3589,2947,3622
3590,2775,6179
3591,2606,476
3592,383,1471
3593,1334,857
3594,3849,3968
3595,906,86
3596,4002,1702
3597,4245,1503
3598,1205,2558
3599,963,1539
3600,2534,4804
3601,3547,1348
3602,138,3221
3603,632,1381
3604,5312,2779
3605,151,1047
3606,2391,1340
3607,1650,4520
3608,4120,4927
3609,908,1705
3610,4094,2365
3611,139,2400
3612,2368,2189
3613,2141,863
3614,4417,2438
3615,2016,4357
3616,1943,1878
3617,4551,5041
3618,695,2687
3619,2843,511
3620,966,2244
3621,1675,4702
3622,5193,1286
3623,3410,3387
3624,4603,3658
3625,1682,1496
3626,4193,518
3627,5050,4980
3628,3949,2486
3629,560,4132
3630,4823,274
3631,2876,4029
3632,1065,2169
3633,1199,2160
3634,2221,4421
3635,4625,1683
3636,735,2983
3637,1306,3149
3638,2641,4468
3639,4346,3252
3640,3196,1940
3641,4004,3567
3642,4683,2524
3643,1814,2324
3644,2566,4858
3645,5162,2306
3646,2819,73
3647,4202,3625
3648,5057,158
3649,3594,1845
3650,399,2593
3651,53,4785
3652,1588,200
3653,3470,5067
3654,226,1448
3655,4423,2527
3656,4483,4739
3657,3565,1298
3658,4352,2341
3659,4187,5007
3660,3405,3814
3661,13,2752
3662,3376,536
3663,167,2067
3664,2759,4480
3665,4347,2170
3666,2816,1125
3667,4679,5223
3668,347,1584
3669,2732,886
3670,5316,3708
3671,5037,3606
3672,239,1117
3673,2226,1986
3674,1051,2038
3675,4071,2042
3676,5164,3999
3677,1486,1952
3678,5147,2026
3679,4465,1540
3680,1874,4286
3681,349,3177
3682,4419,3063
3683,391,2533
3684,3983,4367
3685,3926,4342
3686,316,1513
3687,3292,3914
3688,4221,2293
3689,2738,2201
3690,2176,1078
3691,4953,5226
3692,2680,317
3693,3255,1206
3694,1928,638
3695,3287,1589
3696,4927,1169
3697,4445,5187
3698,1860,4432
3699,1633,3584
3700,4123,1552
3701,4046,609
3702,3178,2278
3703,4452,249
3704,2980,3150
3705,785,3996
3706,3620,3016
3707,558,894
3708,4933,4573
3709,2464,1783
3710,2246,4800
3711,1674,1243
3712,4164,4252
3713,2713,5198
3714,163,3231
3715,1788,605
3716,3869,4229
3717,2412,772
3718,3305,4701
3719,4487,3262
3720,2089,4647
3721,2798,4435
3722,1597,4375
3723,514,3197
3724,2378,3312
3725,442,2929
3726,3955,5015
3727,3479,4298
3728,3720,4376
3729,1899,5140
3730,1759,4603
3731,1548,6143
3732,2811,580
3733,3891,1659
3734,4862,2113
3735,1551,4446
3736,609,895
3737,1577,4675
3738,3554,3193
3739,2075,1252
3740,3420,1477
3741,2012,2294
3742,5194,2076
3743,712,3339
3744,3315,2631
3745,4833,4271
3746,2671,4904
3747,977,1640
3748,4371,1104
3749,1432,5197
3750,14,1506
3751,869,2777
3752,929,3555
3753,1347,1607
3754,4281,2144
3755,4491,1110
3756,5318,936
3757,1958,3217
3758,1079,6102
3759,3056,4549
3760,3105,303
3761,2444,4356
3762,3197,497
3763,899,2966
3764,1056,1875
3765,4949,2715
3766,815,1624
3767,2062,1040
3768,3074,606
3769,40,4660
3770,4856,2705
3771,4827,3950
3772,1946,2356
3773,3062,2651
3774,2552,3310
3775,1620,3570
3776,3047,40
3777,1368,1781
3778,4362,629
3779,2420,4613
3780,542,4078
3781,3222,16
3782,2804,4951
3783,4764,1526
3784,3252,1228
3785,1097,3924
3786,877,3952
3787,1132,4483
3788,1107,4561
3789,4319,2036
3790,2279,923
3791,3277,3029
3792,4282,1973
3793,761,4780
3794,2043,5172
3795,3725,1470
3796,4174,4875
3797,2419,5083
3798,689,1580
3799,5070,2205
3800,1697,1951
3801,3950,6074
3802,2047,1131
3803,1271,736
3804,3393,2903
3805,2508,4014
3806,1006,1695
3807,1067,1932
3808,3807,2398
3809,1440,2627
3810,1591,2353
3811,288,4045
3812,1010,4181
3813,5268,2876
3814,1725,3757
3815,3490,3460
3816,4388,2639
3817,5279,3945
3818,4797,3883
3819,5238,3192
3820,524,372
3821,5111,4081
3822,3713,664
3823,3723,1946
3824,928,3210
3825,3450,3393
3826,286,1605
3827,5246,3180
3828,5199,1132
3829,351,1829
3830,3724,1060
3831,2144,1439
3832,376,1482
3833,4849,2054
3834,1281,5190
3835,700,1291
3836,3088,266
3837,4553,4299
3838,83,308
3839,3790,3698
3840,3328,3119
3841,4860,3303
3842,4917,3421
3843,2585,5154
3844,2103,5191
3845,4819,20
3846,536,2739
3847,2740,2849
3848,3727,2060
3849,3691,3404
3850,1321,1159
3851,4535,6141
3852,1683,1830
3853,1700,3729
3854,984,1163
3855,1443,1899
3856,2011,6178
3857,617,1295
3858,5284,2927
3859,3664,4531
3860,2502,3983
3861,3419,273
3862,12,1676
3863,4234,1182
3864,1836,4657
3865,2704,1153
3866,1811,1308
3867,1362,2206
3868,3706,1598
3869,1121,417
3870,846,1202
3871,3769,3672
3872,2651,46
3873,2251,3783
3874,4877,568
3875,1628,4231
3876,5273,2622
3877,2039,3559
3878,2272,196
3879,4488,3195
3880,2294,1645
3881,3152,2129
3882,2639,865
3883,2601,622
3884,5295,3012
3885,2044,6144
3886,993,1140
3887,3435,3490
3888,1095,1411
3889,4325,3803
3890,4657,4456
3891,3553,3547
3892,1341,4967
3893,1024,3609
3894,2658,3565
3895,957,3196
3896,2919,3978
3897,1060,2619
3898,1507,4988
3899,1017,23
3900,2549,615
3901,281,420
3902,23,673
3903,4692,663
3904,732,681
3905,3156,3199
3906,2397,364
3907,1143,3880
3908,976,5148
3909,3060,199
3910,3753,3222
3911,1302,1780
3912,5030,5180
3913,5249,1053
3914,4961,4602
3915,3069,2967
3916,2647,1268
3917,540,553
3918,171,1009
3919,2395,4079
3920,2316,4115
3921,2754,1269
3922,4552,2758
3923,5153,3025
3924,457,1435
3925,1555,3166
3926,4509,1909
3927,3474,574
3928,5092,4943
3929,3340,4867
3930,1052,2829
3931,4587,435
3932,2264,4919
3933,890,4769
3934,381,1617
3935,650,4633
3936,4554,3787
3937,4928,3206
3938,109,492
3939,303,4645
3940,3529,4935
3941,880,3413
3942,3364,713
3943,2218,2559
3944,2917,3315
3945,3556,5030
3946,2998,378
3947,4334,4280
3948,354,1277
3949,2105,3557
3950,2010,2378
3951,2627,531
3952,319,230
3953,4378,3484
3954,3577,4447
3955,2381,311
3956,873,5186
3957,3331,4542
3958,4876,3038
3959,2883,197
3960,4295,2116
3961,1465,7
3962,5356,3995
3963,2810,4135
3964,4520,5085
3965,1149,3316
3966,1203,1834
3967,1879,3716
3968,1833,2088
3969,1754,5214
3970,1210,1925
3971,1160,613
3972,1724,1315
3973,141,3024
3974,1337,2267
3975,2604,3154
3976,5219,4692
3977,3045,2202
3978,1715,41
3979,4583,360
3980,1363,3085
3981,904,1073
3982,3775,3441
3983,2005,2793
3984,3283,4833
3985,3618,1265
3986,5278,51
3987,4825,1510
3988,1318,3990
3989,4013,4249
3990,3491,4921
3991,3155,3061
3992,3150,4425
3993,4758,2256
3994,3879,321
3995,4239,403
3996,3851,3745
3997,3525,479
3998,5076,113
3999,3535,4335
4000,2563,1177
4001,974,1825
4002,4185,3489
4003,2150,1465
4004,971,3122
4005,749,3459
4006,2969,3549
4007,342,1099
4008,3402,2444
4009,1618,3182
4010,5155,4265
4011,1473,625
4012,529,2822
4013,4879,3809
4014,3282,2767
4015,3362,1033
4016,1064,1156
4017,1002,4595
4018,397,3457
4019,4269,5098
4020,2129,505
4021,4093,1371
4022,2686,4281
4023,2920,2232
4024,653,3212
4025,2208,4941
4026,4911,2203
4027,1602,6156
4028,3811,250
4029,3776,4309
4030,3815,2661
4031,1489,4116
4032,5341,2632
4033,2726,130
4034,1957,1686
4035,5010,2135
4036,2845,1462
4037,324,4165
4038,4109,4169
4039,5189,1501
4040,4076,4512
4041,380,260
4042,1093,5174
4043,1612,4651
4044,440,2052
4045,591,3481
4046,2212,2374
4047,1373,614
4048,3638,1036
4049,272,4159
4050,3316,1794
4051,2041,4557
4052,2234,748
4053,3444,4729
4054,2826,2543
4055,267,3667
4056,1062,1174
4057,2645,2143
4058,4304,4503
4059,370,6094
4060,1206,2861
4061,4291,3868
4062,3051,5094
4063,5349,5218
4064,2523,6191
4065,894,4261
4066,574,385
4067,3812,3005
4068,3695,2701
4069,236,4148
4070,4414,1394
4071,1893,3039
4072,2786,5063
4073,882,2063
4074,5314,4213
4075,3537,3410
4076,2000,2854
4077,2494,5155
4078,2175,1955
4079,715,3385
4080,2268,4418
4081,4179,6086
4082,320,887
4083,3399,2856
4084,1998,1203
4085,291,3957
4086,4150,1667
4087,379,3988
4088,866,1679
4089,4834,1111
4090,3379,2865
4091,633,1573
4092,895,4820
4093,4873,2836
4094,386,4669
4095,4226,3218
4096,2238,876
4097,753,1737
4098,3714,3070
4099,276,1865
4100,3161,1575
4101,3623,687
4102,3225,2085
4103,451,1533
4104,605,2671
4105,2692,2165
4106,3081,3020
4107,2181,4693
4108,580,1662
4109,2186,3289
4110,575,4939
4111,3367,2304
4112,778,4290
4113,1128,1004
4114,4008,2709
4115,1155,4643
4116,2531,101
4117,1425,4303
4118,2123,2916
4119,967,1031
4120,4523,998
4121,192,5146
4122,2538,3323
4123,4049,2133
4124,2707,56
4125,3675,770
4126,4369,337
4127,2032,1848
4128,222,209
4129,66,6136
4130,1567,676
4131,1897,2599
4132,4368,2035
4133,4711,1801
4134,7,2212
4135,4852,2541
4136,5049,3493
4137,1953,6171
4138,4589,383
4139,688,3611
4140,3817,163
4141,3933,1034
4142,3140,2644
4143,2261,738
4144,2905,710
4145,2725,2796
4146,3223,4614
4147,3522,3684
4148,1151,2568
4149,37,332
4150,3260,1467
4151,4264,4200
4152,146,2228
4153,4413,4773
4154,2207,587
4155,4926,335
4156,5338,3517
4157,691,502
4158,1412,2990
4159,3243,3294
4160,2471,875
4161,1386,3156
4162,932,452
4163,1699,2729
4164,100,1949
4165,4861,22
4166,1327,1919
4167,527,2461
4168,4793,1518
4169,2559,2964
4170,4271,2351
4171,4736,4408
4172,4485,1051
4173,2146,433
4174,4837,2956
4175,4558,2704
4176,3499,4216
4177,199,4007
4178,2824,2665
4179,4416,3157
4180,4904,2156
4181,198,3076
4182,161,17
4183,4788,1564
4184,1938,3010
4185,5172,3398
4186,5352,389
4187,3605,4552
4188,4115,3363
4189,3868,885
4190,271,2327
4191,258,4039
4192,4557,248
4193,4048,1309
4194,2384,229
4195,1546,2448
4196,4018,2137
4197,203,2683
4198,3627,313
4199,739,4179
4200,496,4714
4201,4360,2946
4202,2132,1197
4203,2873,3663
4204,5119,4294
4205,3070,4809
4206,2511,578
4207,994,3638
4208,3655,3619
4209,1219,4907
4210,4814,4396
4211,5045,4550
4212,718,4515
4213,3497,3028
4214,4940,4757
4215,612,404
4216,4859,92
4217,4111,2382
4218,918,3253
4219,1144,3539
4220,3639,2931
4221,4097,376
4222,4543,2153
4223,1400,2611
4224,1377,3425
4225,2902,2373
4226,325,3805
4227,2593,2556
4228,4159,905
4229,858,715
4230,2206,4816
4231,1059,1317
4232,123,2794
4233,4041,4925
4234,4542,222
4235,1519,2049
4236,1053,2091
4237,5281,4329
4238,1063,3097
4239,193,916
4240,33,5232
4241,3245,3558
4242,2201,39
4243,1849,544
4244,729,2397
4245,3157,153
4246,3699,2517
4247,900,2965
4248,1515,1377
4249,3467,762
4250,315,4157
4251,827,4653
4252,472,3373
4253,2040,4218
4254,4991,4836
4255,661,1279
4256,4697,3578
4257,770,5011
4258,4038,220
4259,3521,6107
4260,3593,2539
4261,3493,2594
4262,3042,1628
4263,2293,3451
4264,1487,2337
4265,2182,6183
4266,4372,1741
4267,4945,3851
4268,1858,825
4269,1192,1633
4270,3032,1512
4271,3309,333
4272,4322,2919
4273,3996,1042
4274,1237,3194
4275,3363,2897
4276,989,400
4277,1845,3778
4278,4678,6148
4279,3029,1127
4280,4468,4961
4281,1022,2333
4282,4532,374
4283,4453,1476
4284,180,4590
4285,3973,815
4286,5241,4501
4287,3622,755
4288,2894,723
4289,5263,618
4290,1867,1863
4291,5142,246
4292,4508,279
4293,2082,1828
4294,2467,348
4295,1863,4201
4296,300,513
4297,4181,89
4298,1915,552
4299,3839,4754
4300,2720,1376
4301,2670,316
4302,4944,4141
4303,893,2545
4304,4235,1916
4305,3765,5039
4306,2210,3652
4307,3871,4599
4308,483,2176
4309,2308,4502
4310,1543,247
4311,1018,752
4312,1466,1000
4313,2303,4826
4314,3857,3748
4315,4703,4440
4316,3784,3839
4317,3286,1408
4318,189,833
4319,2965,3164
4320,964,2194
4321,4746,104
4322,3601,3906
4323,955,619
4324,3761,343
4325,4140,966
4326,1955,410
4327,3456,794
4328,3359,2308
4329,1532,3928
4330,333,1753
4331,4539,3575
4332,4913,3680
4333,116,3827
4334,2161,1261
4335,2399,3426
4336,4350,4788
4337,1227,221
4338,3808,3322
4339,4774,3067
4340,888,2708
4341,3320,3909
4342,5115,600
4343,709,394
4344,3430,2301
4345,3771,1362
4346,4116,2900
4347,3422,3055
4348,1300,6111
4349,3573,4386
4350,3285,1224
4351,537,4455
4352,4694,3545
4353,4524,3597
4354,4938,2000
4355,1533,3399
4356,834,1769
4357,2375,3301
4358,2889,155
4359,5258,4416
4360,5217,2941
4361,3461,2698
4362,723,4189
4363,979,1230
4364,3633,5017
4365,3737,2878
4366,763,6130
4367,3637,890
4368,1069,3331
4369,730,3377
4370,3049,1349
4371,4920,3913
4372,2295,2700
4373,3708,1188
4374,1191,1313
4375,4315,4756
4376,4308,1030
4377,2545,3694
4378,3562,3326
4379,4237,145
4380,3043,791
4381,334,4361
4382,919,3904
4383,1558,5002
4384,1224,2755
4385,1196,3927
4386,2923,1045
4387,2335,1071
4388,4356,3130
4389,3498,3148
4390,502,2699
4391,5270,6134
4392,1540,1259
4393,3391,2436
4394,4068,2259
4395,2660,6106
4396,260,3234
4397,1311,2146
4398,449,5
4399,1449,2273
4400,4336,156
4401,357,235
4402,1936,2681
4403,1078,1906
4404,2912,2538
4405,4614,1632
4406,1209,1956
4407,240,610
4408,777,4594
4409,24,5051
4410,4545,2164
4411,312,304
4412,4043,3371
4413,594,1254
4414,1096,5237
4415,4243,730
4416,509,203
4417,5208,3917
4418,2609,5061
4419,2382,4807
4420,3602,4679
4421,4921,2537
4422,4087,796
4423,1763,5235
4424,5,4805
4425,2149,3229
4426,3877,4272
4427,63,2760
4428,1243,4683
4429,2257,3417
4430,1475,3886
4431,4224,3799
4432,5008,4543
4433,32,4400
4434,5229,4098
4435,3475,5224
4436,144,3211
4437,1584,3551
4438,1433,3203
4439,4144,3191
4440,2796,4564
4441,3903,4381
4442,959,6173
4443,4406,3768
4444,2450,1088
4445,367,1754
4446,2870,3027
4447,1083,3630
4448,1891,788
4449,4806,4861
4450,4506,4110
4451,3738,3520
4452,1978,4764
4453,3434,3734
4454,229,4362
4455,5302,2255
4456,5269,4320
4457,2449,2553
4458,3892,2239
4459,1981,4673
4460,1142,6172
4461,308,3715
4462,4063,2475
4463,1839,4005
4464,2348,4703
4465,4122,1891
4466,2496,1807
4467,616,351
4468,1883,759
4469,285,3391
4470,111,328
4471,4016,1601
4472,1662,4829
4473,1914,2242
4474,1772,2171
4475,5264,4112
4476,2200,4956
4477,1900,252
4478,1124,651
4479,2836,5162
4480,4108,3402
4481,2417,2813
4482,113,2999
4483,2362,401
4484,1691,2789
4485,2340,2583
4486,3516,2987
4487,1745,3300
4488,5178,4775
4489,1220,5143
4490,1970,4598
4491,1187,2862
4492,1116,859
4493,2014,2404
4494,129,487
4495,1190,1734
4496,3589,567
4497,4843,4126
4498,4251,1542
4499,2967,212
4500,5039,4782
4501,3429,4120
4502,1592,1138
4503,4685,4326
4504,1134,1492
4505,3982,1818
4506,4220,4028
4507,1504,5069
4508,2746,2874
4509,2540,4604
4510,4230,3202
4511,1458,2131
4512,982,3546
4513,750,149
4514,3055,366
4515,1642,4251
4516,5097,2265
4517,3683,2522
4518,4137,467
4519,3999,2272
4520,1183,4798
4521,3896,1133
4522,4493,1805
4523,3878,5109
4524,2503,4744
4525,3505,1884
4526,2640,3394
4527,2899,6185
4528,1890,1447
4529,4665,1331
4530,215,4730
4531,2451,2787
4532,3603,4360
4533,2855,462
4534,4577,1020
4535,2048,1772
4536,4610,818
4537,4451,4892
4538,885,2276
4539,583,3526
4540,4444,1096
4541,4396,4839
4542,758,4563
4543,1600,4886
4544,81,2937
4545,554,4570
4546,4958,1755
4547,4866,305
4548,1088,38
4549,2067,1130
4550,3236,3707
4551,82,797
4552,2054,1077
4553,345,3270
4554,1100,2881
4555,1945,1966
4556,2771,6149
4557,791,4032
4558,2131,2969
4559,3694,4093
4560,2687,1766
4561,89,2595
4562,2158,634
4563,4050,1606
4564,2249,2548
4565,5021,1032
4566,5265,3335
4567,2990,2200
4568,5134,4786
4569,327,4751
4570,3803,2911
4571,3882,2066
4572,2672,914
4573,3643,1166
4574,3398,112
4575,3548,4832
4576,4117,549
4577,4689,1729
4578,4057,4311
4579,5191,3832
4580,1690,409
4581,5011,4453
4582,717,1938
4583,3846,4526
4584,2250,1097
4585,736,3963
4586,551,3926
4587,283,4650
4588,3166,4535
4589,3690,2445
4590,4272,3369
4591,1752,3081
4592,4645,1914
4593,2727,3037
4594,310,763
4595,5196,5208
4596,766,1795
4597,1248,4113
4598,1145,6182
4599,4513,307
4600,2586,3190
4601,4026,1524
4602,2865,184
4603,1616,896
4604,3183,5196
4605,3832,242
4606,4675,1383
4607,2442,913
4608,4146,3023
4609,5163,943
4610,5114,2384
4611,1485,6150
4612,742,4895
4613,4225,958
4614,3411,33
4615,3284,4077
4616,2086,4728
4617,4855,862
4618,845,1227
4619,3631,4508
4620,1841,432
4621,1736,6081
4622,3966,2432
4623,1797,1931
4624,3468,4610
4625,1389,399
4626,1993,3507
4627,4638,5103
4628,1727,2521
4629,566,2821
4630,1626,3360
4631,114,4985
4632,439,4789
4633,388,4737
4634,4096,1043
4635,4017,4345
4636,3899,2277
4637,3870,2262
4638,2946,3572
4639,2474,2387
4640,282,3666
4641,1030,4869
4642,4616,477
4643,435,4555
4644,3887,684
4645,1288,4498
4646,1015,1819
4647,3335,4790
4648,1353,727
4649,3106,5132
4650,3489,1101
4651,2985,5102
4652,5046,1922
4653,4064,4974
4654,4391,3724
4655,4044,4976
4656,1718,2180
4657,4864,4223
4658,4153,2674
4659,1041,5126
4660,1782,1975
4661,4223,1209
4662,3373,1275
4663,2376,3897
4664,4965,3987
4665,4124,3940
4666,854,4691
4667,140,178
4668,2959,4429
4669,4069,1749
4670,307,6091
4671,910,2555
4672,4739,3388
4673,358,1487
4674,1758,1455
4675,2963,3128
4676,831,4291
4677,879,1739
4678,3867,1301
4679,4275,1790
4680,3917,2743
4681,10,5152
4682,3886,4528
4683,2729,1707
4684,1165,223
4685,3696,1092
4686,2900,449
4687,3267,1232
4688,2184,1711
4689,3913,4297
4690,710,6132
4691,2483,2518
4692,898,380
4693,3770,3576
4694,3231,2328
4695,4704,4565
4696,1076,2986
4697,4780,4761
4698,2477,169
4699,828,5057
4700,1462,6122
4701,3532,2142
4702,1903,756
4703,2300,688
4704,76,10
4705,2958,291
4706,428,2152
4707,2915,1330
4708,318,3084
4709,2310,1788
4710,3820,4709
4711,3234,1907
4712,4434,927
4713,3078,4064
4714,2945,1090
4715,3833,1602
4716,716,4995
4717,3515,1706
4718,2509,1639
4719,104,2857
4720,3650,5028
4721,714,590
4722,719,1017
4723,3201,1063
4724,2072,2961
4725,459,5121
4726,4106,204
4727,3341,1561
4728,5362,466
4729,4766,3447
4730,986,1193
4731,3530,473
4732,4283,2653
4733,4918,1300
4734,4084,4733
4735,1484,1959
4736,2098,2574
4737,2954,4204
4738,2415,2917
4739,2673,1814
4740,1975,1722
4741,1005,2764
4742,1713,4234
4743,2278,2942
4744,2414,778
4745,4750,1147
4746,3940,904
4747,3739,4030
4748,3624,3257
4749,4327,4958
4750,4737,1843
4751,757,3643
4752,2982,1302
4753,5124,2117
4754,2735,4017
4755,1256,831
4756,3132,2932
4757,5205,808
4758,5355,1372
4759,2575,2342
4760,4397,2314
4761,1175,4897
4762,119,2411
4763,1090,5242
4764,2311,167
4765,5129,1672
4766,4656,2497
4767,3688,224
4768,2209,3681
4769,3176,4488
4770,2154,4914
4771,1676,1774
4772,3569,1844
4773,1529,4060
4774,1589,4037
4775,4470,4344
4776,2543,4033
4777,5308,2468
4778,4636,4072
4779,3395,3080
4780,2166,2839
4781,3900,3719
4782,3977,1993
4783,5080,1868
4784,4168,6076
4785,4047,3902
4786,2962,3521
4787,162,4348
4788,128,4506
4789,4641,2827
4790,491,2763
4791,5059,3911
4792,1066,2218
4793,74,271
4794,533,6095
4795,686,243
4796,405,484
4797,3035,3295
4798,3417,3463
4799,1359,2106
4800,1493,3651
4801,5032,2297
4802,1156,2736
4803,3294,1144
4804,1141,3908
4805,5274,2768
4806,2071,1392
4807,1538,1389
4808,2324,701
4809,3030,722
4810,2319,1048
4811,244,1213
4812,692,4182
4813,945,3476
4814,3668,3396
4815,607,3714
4816,1653,1069
4817,2600,3127
4818,1092,440
4819,938,1752
4820,1384,697
4821,2116,3255
4822,3971,3007
4823,2485,822
4824,4547,3774
4825,4923,32
4826,3218,3949
4827,1991,4273
4828,3606,3970
4829,19,2925
4830,3216,5086
4831,705,4497
4832,500,3980
4833,1829,4900
4834,995,712
4835,2685,361
4836,2192,4136
4837,2561,3132
4838,1295,4963
4839,4028,3869
4840,741,4678
4841,1819,3135
4842,3960,1364
4843,1934,1521
4844,1795,932
4845,1694,4706
4846,5013,2366
4847,4006,4160
4848,1979,2532
4849,3774,4611
4850,1352,2751
4851,2976,1192
4852,997,4699
4853,3952,4495
4854,1852,3761
4855,5324,4649
4856,1673,903
4857,2326,1006
4858,550,123
4859,487,720
4860,3764,2617
4861,45,2177
4862,2756,3286
4863,3946,3105
4864,915,3018
4865,5140,4006
4866,1536,4233
4867,4579,3627
4868,2472,1861
4869,153,3848
4870,1176,537
4871,2681,934
4872,179,2908
4873,99,1860
4874,731,1782
4875,1721,4883
4876,4570,6093
4877,4180,4731
4878,36,3977
4879,1908,1135
4880,4521,3594
4881,2344,64
4882,3758,2724
4883,565,4690
4884,181,1546
4885,5038,1082
4886,1765,812
4887,786,2512
4888,2846,1687
4889,1707,4854
4890,3013,790
4891,5094,1595
4892,2634,1218
4893,685,240
4894,5282,6139
4895,1045,2605
4896,313,1171
4897,2956,1767
4898,1307,4700
4899,792,1369
4900,2504,2996
4901,696,3981
4902,4804,4156
4903,5197,2174
4904,2553,2122
4905,4497,3822
4906,165,1488
4907,4706,3974
4908,4212,90
4909,5334,2469
4910,3733,447
4911,2168,2048
4912,2944,5068
4913,4312,4133
4914,22,323
4915,2387,60
4916,4800,4379
4917,4104,3274
4918,2386,395
4919,2613,2981
4920,4082,5128
4921,1648,4745
4922,2823,3483
4923,2354,1882
4924,2058,6180
4925,372,5147
4926,1847,3561
4927,323,85
4928,2018,548
4929,5003,448
4930,745,4289
4931,4454,5153
4932,4761,416
4933,1625,1660
4934,2655,3815
4935,5177,30
4936,4145,3395
4937,698,4589
4938,3853,1314
4939,2781,425
4940,4340,2336
4941,2952,3887
4942,1576,2625
4943,2760,2251
4944,1810,6101
4945,4765,5052
4946,3136,2027
4947,2156,761
4948,1785,837
4949,1657,4940
4950,1439,2936
4951,4867,4517
4952,1905,3635
4953,3494,6080
4954,2689,3804
4955,1395,1900
4956,249,2884
4957,1217,2010
4958,1952,2613
4959,543,1760
4960,2299,2275
4961,4755,213
4962,671,1590
4963,98,1856
4964,2304,3878
4965,2882,3432
4966,2093,431
4967,2777,3401
4968,3239,2603
4969,708,1181
4970,5135,621
4971,4065,4579
4972,3215,1179
4973,2991,1965
4974,1011,5166
4975,1350,136
4976,3173,3008
4977,4058,3951
4978,2979,3632
4979,4332,160
4980,3436,2668
4981,3545,4486
4982,4875,1594
4983,1367,5194
4984,3253,1423
4985,436,2357
4986,4403,3309
4987,4613,2888
4988,339,2675
4989,176,3811
4990,1252,3678
4991,5256,3826
4992,1315,26
4993,1225,3998
4994,1961,3280
4995,1105,3258
4996,638,5141
4997,1351,1354
4998,3586,799
4999,4448,1703
5000,1262,899
5001,1925,702
5002,5053,1735
5003,377,1720
5004,2635,2172
5005,5365,2140
5006,4422,4908
5007,2037,2220
5008,5160,1812
5009,944,2492
5010,3893,2463
5011,4951,3
5012,3077,166
5013,1081,1923
5014,503,3407
5015,413,2369
5016,4034,1025
5017,2555,4066
5018,569,832
5019,3540,1375
5020,3615,1535
5021,508,162
5022,4280,3464
5023,3337,785
5024,1226,4878
5025,3754,375
5026,2418,2442
5027,2373,1105
5028,5335,1235
5029,2232,1460
5030,740,3140
5031,461,4969
5032,670,4584
5033,5066,739
5034,590,4718
5035,2758,281
5036,3787,3348
5037,4415,3185
5038,2133,1449
5039,3147,418
5040,3838,2963
5041,4266,3560
5042,1564,4554
5043,1817,1637
5044,3773,3092
5045,1645,108
5046,4533,1083
5047,2183,2399
5048,1959,3579
5049,2605,4082
5050,3431,1641
5051,2,3852
5052,1157,512
5053,4236,147
5054,2526,3302
5055,781,2952
5056,3561,1035
5057,2794,2684
5058,2955,4724
5059,4240,2785
5060,1418,1289
5061,1861,6124
5062,2302,2566
5063,4695,1593
5064,572,897
5065,4632,4438
5066,3232,2939
5067,3731,640
5068,4014,3905
5069,3795,3077
5070,170,6092
5071,2351,3223
5072,275,3215
5073,1941,1245
5074,1235,1450
5075,1598,1339
5076,1444,3870
5077,2615,3750
5078,2930,2776
5079,2784,2149
5080,1294,2529
5081,3847,977
5082,402,2586
5083,3321,1999
5084,1793,3895
5085,4189,4150
5086,231,3293
5087,2830,367
5088,3968,4350
5089,4674,2348
5090,2603,4968
5091,635,2005
5092,3172,469
5093,387,2282
5094,811,4307
5095,556,4994
5096,2372,4236
5097,4408,2481
5098,4582,1776
5099,1547,214
5100,3397,3608
5101,861,429
5102,4127,649
5103,813,1664
5104,2220,1808
5105,1585,382
5106,90,929
5107,18,744
5108,415,3400
5109,2309,4475
5110,3204,2059
5111,5187,879
5112,649,2508
5113,448,2802
5114,2191,4235
5115,4742,327
5116,2668,3777
5117,4912,3645
5118,2307,172
5119,430,2858
5120,2938,2915
5121,4824,3352
5122,1312,1621
5123,4964,5176
5124,4053,3991
5125,547,4450
5126,1929,4778
5127,1614,1953
5128,2782,4708
5129,1537,6120
5130,1918,2248
5131,2266,4101
5132,2413,1796
5133,3351,414
5134,2750,4285
5135,1622,219
5136,292,4217
5137,4907,2199
5138,4333,6
5139,4380,1800
5140,2616,2105
5141,5243,1849
5142,2170,3340
5143,2939,5013
5144,1639,2417
5145,2891,3939
5146,626,2391
5147,408,4161
5148,3262,1731
5149,2693,4540
5150,4479,4707
5151,4173,1902
5152,443,1522
5153,4394,1015
5154,4869,4366
5155,184,3239
5156,4690,225
5157,216,3468
5158,4323,2692
5159,1268,4339
5160,1837,3751
5161,3693,4837
5162,1186,1690
5163,1966,3159
5164,4715,889
5165,3382,2998
5166,263,4129
5167,1382,556
5168,2222,4953
5169,293,3544
5170,3810,3354
5171,3318,4918
5172,2547,3143
5173,1553,2263
5174,2370,4924
5175,3796,1366
5176,1989,2649
5177,2588,1763
5178,4208,983
5179,914,1543
5180,5307,2581
5181,965,3365
5182,422,4258
5183,3591,2977
5184,4298,3772
5185,4977,1634
5186,4959,187
5187,3975,1747
5188,5087,2879
5189,956,1799
5190,2216,2023
5191,2554,2655
5192,4595,427
5193,4702,6103
5194,2390,3813
5195,936,3790
5196,1798,1629
5197,4748,868
5198,1419,465
5199,206,4405
5200,4817,2377
5201,3143,3593
5202,4712,703
5203,3478,4749
5204,1488,1563
5205,4311,3847
5206,2290,1941
5207,3386,3281
5208,4186,2519
5209,3845,1116
5210,4103,1256
5211,4466,3720
5212,4059,2317
5213,42,1912
5214,4042,2979
5215,3067,603
5216,4302,4288
5217,702,3333
5218,124,1823
5219,1154,4394
5220,3698,1789
5221,1326,920
5222,2791,4672
5223,1651,1347
5224,2388,3856
5225,1075,5022
5226,3462,4409
5227,1821,4685
5228,2812,780
5229,5182,1388
5230,1878,2930
5231,2748,2636
5232,962,3418
5233,881,6072
5234,3313,35
5235,2515,4398
5236,1866,1320
5237,3119,6121
5238,1239,4287
5239,2478,4225
5240,2848,617
5241,3404,3429
5242,954,706
5243,4503,4221
5244,3064,2390
5245,1108,4901
5246,1530,3665
5247,3063,1964
5248,1316,2182
5249,4529,3713
5250,3427,3954
5251,5126,2978
5252,3797,3068
5253,847,3491
5254,1935,3691
5255,3984,2046
5256,149,4704
5257,5275,1556
5258,1162,849
5259,3193,520
5260,2120,3885
5261,1791,3325
5262,2925,5072
5263,1851,5205
5264,3276,3849
5265,663,1336
5266,3937,4437
5267,1996,4414
5268,4622,3735
5269,3133,485
5270,2400,3268
5271,1777,2912
5272,5344,3083
5273,5231,1403
5274,3519,1917
5275,21,731
5276,3514,1541
5277,563,170
5278,200,2898
5279,3087,1842
5280,1413,3246
5281,4428,2591
5282,724,1644
5283,304,591
5284,1380,2016
5285,3551,2449
5286,1338,6088
5287,1383,3267
5288,4993,2458
5289,246,4959
5290,5347,4056
5291,927,1815
5292,618,4128
5293,3963,2615
5294,136,532
5295,1954,2269
5296,3272,1651
5297,2022,3087
5298,4152,745
5299,4600,2819
5300,4052,2290
5301,3273,1158
5302,1615,141
5303,4011,5245
5304,2856,2408
5305,3209,4336
5306,2922,3831
5307,1366,611
5308,4036,4239
5309,2408,6167
5310,2800,1527
5311,3717,1149
5312,4366,1838
5313,4829,4240
5314,2578,2686
5315,2815,1785
5316,3085,911
5317,1452,5183
5318,187,2322
5319,1723,576
5320,4191,689
5321,684,1658
5322,859,1242
5323,4684,1835
5324,1322,2577
5325,652,4799
5326,2558,4274
5327,5299,4449
5328,2204,3123
5329,4897,5089
5330,5210,48
5331,87,4876
5332,1109,3669
5333,5237,6188
5334,5248,3984
5335,4060,1432
5336,3991,4624
5337,1177,1566
5338,4775,814
5339,1319,641
5340,3426,2487
5341,5052,4711
5342,1949,646
5343,2235,2738
5344,5105,1758
5345,4409,4256
5346,2053,5060
5347,1388,3679
5348,3609,3538
5349,2079,2968
5350,4373,2740
5351,3520,598
5352,3560,4275
5353,3743,3703
5354,2665,2186
5355,840,4888
5356,2379,2268
5357,3976,4527
5358,3375,1730
5359,2831,2246
5360,2008,1851
5361,3008,349
5362,3131,4710
5363,3588,3308
5364,5204,1950
5365,1202,3537
5366,1286,3304
