Tc_full-no_duplicates,Tc_full
1,1
2,353
3,354
4,355
5,356
6,357
7,358
8,359
9,360
10,361
11,362
12,363
13,364
14,365
15,366
16,367
17,368
18,369
19,370
20,371
21,372
22,373
23,374
24,375
25,376
26,377
27,378
28,379
29,380
30,381
31,382
32,383
33,384
34,385
35,386
36,387
37,388
38,389
39,390
40,391
41,392
42,393
43,394
44,395
45,396
46,397
47,398
48,399
49,400
50,401
51,402
52,403
53,404
54,405
55,406
56,407
57,408
58,409
59,410
60,411
61,412
62,413
63,414
64,415
65,416
66,417
67,418
68,419
69,420
70,421
71,422
72,423
73,424
74,425
75,426
76,427
77,428
78,429
79,430
80,431
81,432
82,433
83,434
84,435
85,436
86,437
87,438
88,439
89,440
90,441
91,442
92,443
93,444
94,445
95,446
96,447
97,448
98,449
99,450
100,451
101,452
102,453
103,454
104,455
105,456
106,457
107,458
108,459
109,460
110,461
111,462
112,463
113,464
114,465
115,466
116,467
117,468
118,469
119,470
120,471
121,472
122,473
123,474
124,475
125,476
126,477
127,478
128,479
129,480
130,481
131,482
132,483
133,484
134,485
135,486
136,487
137,488
138,489
139,490
140,491
141,492
142,493
143,494
144,495
145,496
146,497
147,498
148,499
149,500
150,501
151,502
152,503
153,504
154,505
155,506
156,507
157,508
158,509
159,510
160,511
161,512
162,513
163,514
164,515
165,516
166,517
167,518
168,519
169,520
170,521
171,522
172,523
173,524
174,525
175,526
176,527
177,528
178,529
179,530
180,531
181,532
182,533
183,534
184,535
185,536
186,537
187,538
188,539
189,540
190,541
191,542
192,543
193,544
194,545
195,546
196,547
197,548
198,549
199,550
200,551
201,552
202,553
203,554
204,555
205,556
206,557
207,558
208,559
209,560
210,561
211,562
212,563
213,564
214,565
215,566
216,567
217,568
218,569
219,570
220,571
221,572
222,573
223,574
224,575
225,576
226,577
227,578
228,579
229,580
230,581
231,582
232,583
233,584
234,585
235,586
236,587
237,588
238,589
239,590
240,591
241,592
242,593
243,594
244,595
245,596
246,597
247,598
248,599
249,600
250,601
251,602
252,603
253,604
254,605
255,606
256,607
257,608
258,609
259,610
260,611
261,612
262,613
263,614
264,615
265,616
266,617
267,618
268,619
269,620
270,621
271,622
272,623
273,624
274,625
275,626
276,627
277,628
278,629
279,630
280,631
281,632
282,633
283,634
284,635
285,636
286,637
287,638
288,639
289,640
290,641
291,642
292,643
293,644
294,645
295,646
296,647
297,648
298,649
299,650
300,651
301,652
302,653
303,654
304,655
305,656
306,657
307,658
308,659
309,660
310,661
311,662
312,663
313,664
314,665
315,666
316,667
317,668
318,669
319,670
320,671
321,672
322,673
323,674
324,675
325,676
326,677
327,678
328,679
329,680
330,681
331,682
332,683
333,684
334,685
335,686
336,687
337,688
338,689
339,690
340,691
341,692
342,693
343,694
344,695
345,696
346,697
347,698
348,699
349,700
350,701
351,702
352,703
353,704
354,705
355,706
356,707
357,708
358,709
359,710
360,711
361,712
362,713
363,714
364,715
365,716
366,717
367,718
368,719
369,720
370,721
371,722
372,723
373,724
374,725
375,726
376,727
377,728
378,729
379,730
380,731
381,732
382,733
383,734
384,735
385,736
386,737
387,738
388,739
389,740
390,741
391,742
392,743
393,744
394,745
395,746
396,747
397,748
398,749
399,750
400,751
401,752
402,753
403,754
404,755
405,756
406,757
407,758
408,759
409,760
410,761
411,762
412,763
413,764
414,765
415,766
416,767
417,768
418,769
419,770
420,771
421,772
422,773
423,774
424,775
425,776
426,777
427,778
428,779
429,780
430,781
431,782
432,783
433,784
434,785
435,786
436,787
437,788
438,789
439,790
440,791
441,792
442,793
443,794
444,795
445,796
446,797
447,798
448,799
449,800
450,801
451,802
452,803
453,804
454,805
455,806
456,807
457,808
458,809
459,810
460,811
461,812
462,813
463,814
464,815
465,816
466,817
467,818
468,819
469,820
470,821
471,822
472,823
473,824
474,825
475,826
476,827
477,828
478,829
479,830
480,831
481,832
482,833
483,834
484,835
485,836
486,837
487,838
488,839
489,840
490,841
491,842
492,843
493,844
494,845
495,846
496,847
497,848
498,849
499,850
500,851
501,852
502,853
503,854
504,855
505,856
506,857
507,858
508,859
509,860
510,861
511,862
512,863
513,864
514,865
515,866
516,867
517,868
518,869
519,870
520,871
521,872
522,873
523,874
524,875
525,876
526,877
527,878
528,1559
529,1560
530,1561
531,1562
532,1563
533,1564
534,1565
535,1566
536,1567
537,1568
538,1569
539,1570
540,1571
541,1572
542,1573
543,1574
544,1575
545,1576
546,1577
547,1578
548,1579
549,1580
550,1581
551,1582
552,1583
553,1584
554,1585
555,1586
556,1587
557,1588
558,1589
559,1590
560,1591
561,1592
562,1593
563,1594
564,1595
565,1596
566,1597
567,1598
568,1599
569,1600
570,1601
571,1602
572,1603
573,1604
574,1605
575,1606
576,1607
577,1608
578,1609
579,1610
580,1611
581,1612
582,1613
583,1614
584,1615
585,1616
586,1617
587,1618
588,1619
589,1620
590,1621
591,1622
592,1623
593,1624
594,1625
595,1626
596,1627
597,1628
598,1629
599,1630
600,1631
601,1632
602,1633
603,1634
604,1635
605,1636
606,1637
607,1638
608,1639
609,1640
610,1641
611,1642
612,1643
613,1644
614,1645
615,1646
616,1647
617,1648
618,1649
619,1650
620,1651
621,1652
622,1653
623,1654
624,1655
625,1656
626,1657
627,1658
628,1659
629,1660
630,1661
631,1662
632,1663
633,1664
634,1665
635,1666
636,1667
637,1668
638,1669
639,1670
640,1671
641,1672
642,1673
643,1674
644,1675
645,1676
646,1677
647,1678
648,1679
649,1680
650,1681
651,1682
652,1683
653,1684
654,1685
655,1686
656,1687
657,1688
658,1689
659,1690
660,1691
661,1692
662,1693
663,1694
664,1695
665,1696
666,1697
667,1698
668,1699
669,1700
670,1701
671,1702
672,1703
673,1704
674,1705
675,1706
676,1707
677,1708
678,1709
679,1710
680,1711
681,1712
682,1713
683,1714
684,1715
685,1716
686,1717
687,1718
688,1719
689,1720
690,1721
691,1722
692,1723
693,1724
694,1725
695,1726
696,1727
697,1728
698,1729
699,1730
700,1731
701,1732
702,1733
703,1734
704,1735
705,1736
706,1737
707,1738
708,1739
709,1740
710,1741
711,1742
712,1743
713,1744
714,1745
715,1746
716,1747
717,1748
718,1749
719,1750
720,1751
721,1752
722,1753
723,1754
724,1755
725,1756
726,1757
727,1758
728,1759
729,1760
730,1761
731,1762
732,1763
733,1764
734,1765
735,1766
736,1767
737,1768
738,1769
739,1770
740,1771
741,1772
742,1773
743,1774
744,1775
745,1776
746,1777
747,1778
748,1779
749,1780
750,1781
751,1782
752,1783
753,1784
754,1785
755,1786
756,1787
757,1788
758,1789
759,1790
760,1791
761,1792
762,1793
763,1794
764,1795
765,1796
766,1797
767,1798
768,1799
769,1800
770,1801
771,1802
772,1803
773,1804
774,1805
775,1806
776,1807
777,1808
778,1809
779,1810
780,1811
781,1812
782,1813
783,1814
784,1815
785,1816
786,1817
787,1818
788,1819
789,1820
790,1821
791,1822
792,1823
793,1824
794,1825
795,1826
796,1827
797,1828
798,1829
799,1830
800,1831
801,1832
802,1833
803,1834
804,1835
805,1836
806,1837
807,1838
808,1839
809,1840
810,1841
811,1842
812,1843
813,1844
814,1845
815,1846
816,1847
817,1848
818,1849
819,1850
820,1851
821,1852
822,1853
823,1854
824,1855
825,1856
826,1857
827,1858
828,1859
829,1860
830,1861
831,1862
832,1863
833,1864
834,1865
835,1866
836,1867
837,1868
838,1869
839,1870
840,1871
841,1872
842,1873
843,1874
844,1875
845,1876
846,1877
847,1878
848,1879
849,1880
850,1881
851,1882
852,1883
853,1884
854,1885
855,1886
856,1887
857,1888
858,1889
859,1890
860,1891
861,1892
862,1893
863,1894
864,1895
865,1896
866,1897
867,1898
868,1899
869,1900
870,1901
871,1902
872,1903
873,1904
874,1905
875,1906
876,1907
877,1908
878,1909
879,1910
880,1911
881,1912
882,1913
883,1914
884,1915
885,1916
886,1917
887,1918
888,1919
889,1920
890,1921
891,1922
892,1923
893,1924
894,1925
895,1926
896,1927
897,1928
898,1929
899,1930
900,1931
901,1932
902,1933
903,1934
904,1935
905,1936
906,1937
907,1938
908,1939
909,1940
910,1941
911,1942
912,1943
913,1944
914,1945
915,1946
916,1947
917,1948
918,1949
919,1950
920,1951
921,1952
922,1953
923,1954
924,1955
925,1956
926,1957
927,1958
928,1959
929,1960
930,1961
931,1962
932,1963
933,1964
934,1965
935,1966
936,1967
937,1968
938,1969
939,1970
940,1971
941,1972
942,1973
943,1974
944,1975
945,1976
946,1977
947,1978
948,1979
949,1980
950,1981
951,1982
952,1983
953,1984
954,1985
955,1986
956,1987
957,1988
958,1989
959,1990
960,1991
961,1992
962,1993
963,1994
964,1995
965,1996
966,1997
967,1998
968,1999
969,2000
970,2001
971,2002
972,2003
973,2004
974,2005
975,2006
976,2007
977,2008
978,2009
979,2010
980,2011
981,2012
982,2013
983,2014
984,2015
985,2016
986,2017
987,2018
988,2019
989,2020
990,2021
991,2022
992,2023
993,2024
994,2025
995,2026
996,2027
997,2028
998,2029
999,2030
1000,2031
1001,2032
1002,2033
1003,2034
1004,2035
1005,2036
1006,2037
1007,2038
1008,2039
1009,2040
1010,2041
1011,2042
1012,2043
1013,2044
1014,2045
1015,2046
1016,2047
1017,2048
1018,2049
1019,2050
1020,2051
1021,2052
1022,2053
1023,2054
1024,2055
1025,2056
1026,2057
1027,2058
1028,2059
1029,2060
1030,2061
1031,2062
1032,2063
1033,2064
1034,2065
1035,2066
1036,2067
1037,2068
1038,2069
1039,2070
1040,2071
1041,2072
1042,2073
1043,2074
1044,2075
1045,2076
1046,2077
1047,2078
1048,2079
1049,2080
1050,2081
1051,2082
1052,2083
1053,2084
1054,2085
1055,2086
1056,2087
1057,2088
1058,2089
1059,2090
1060,2091
1061,2092
1062,2093
1063,2094
1064,2095
1065,2096
1066,2097
1067,2098
1068,2099
1069,2100
1070,2101
1071,2102
1072,2103
1073,2104
1074,2105
1075,2106
1076,2107
1077,2108
1078,2109
1079,2110
1080,2111
1081,2112
1082,2113
1083,2114
1084,2115
1085,2116
1086,2285
1087,2286
1088,2287
1089,2288
1090,2289
1091,2290
1092,2291
1093,2292
1094,2293
1095,2294
1096,2295
1097,2296
1098,2297
1099,2298
1100,2299
1101,2300
1102,2301
1103,2302
1104,2303
1105,2304
1106,2305
1107,2306
1108,2307
1109,2308
1110,2309
1111,2310
1112,2311
1113,2312
1114,2313
1115,2314
1116,2315
1117,2316
1118,2317
1119,2318
1120,2319
1121,2320
1122,2321
1123,2322
1124,2323
1125,2324
1126,2325
1127,2326
1128,2327
1129,2328
1130,2329
1131,2330
1132,2331
1133,2332
1134,2333
1135,2334
1136,2335
1137,2336
1138,2337
1139,2338
1140,2339
1141,2340
1142,2341
1143,2342
1144,2343
1145,2344
1146,2345
1147,2346
1148,2347
1149,2348
1150,2349
1151,2350
1152,2351
1153,2352
1154,2353
1155,2354
1156,2355
1157,2356
1158,2357
1159,2358
1160,2359
1161,2360
1162,2361
1163,2362
1164,2363
1165,2364
1166,2365
1167,2366
1168,2367
1169,2368
1170,2369
1171,2370
1172,2371
1173,2372
1174,2373
1175,2374
1176,2375
1177,2376
1178,2377
1179,2378
1180,2379
1181,2380
1182,2381
1183,2382
1184,2383
1185,2384
1186,2385
1187,2386
1188,2387
1189,2388
1190,2389
1191,2390
1192,2391
1193,2392
1194,2393
1195,2394
1196,2395
1197,2396
1198,2397
1199,2398
1200,2399
1201,2400
1202,2401
1203,2402
1204,2403
1205,2404
1206,2405
1207,2406
1208,2407
1209,2408
1210,2409
1211,2410
1212,2411
1213,2412
1214,2413
1215,2414
1216,2415
1217,2416
1218,2417
1219,2418
1220,2419
1221,2420
1222,2421
1223,2422
1224,2423
1225,2424
1226,2425
1227,2426
1228,2427
1229,2428
1230,2429
1231,2430
1232,2431
1233,2432
1234,2433
1235,2434
1236,2435
1237,2436
1238,2437
1239,2438
1240,2439
1241,2440
1242,2441
1243,2442
1244,2443
1245,2444
1246,2445
1247,2446
1248,2447
1249,2448
1250,2449
1251,2450
1252,2451
1253,2452
1254,2453
1255,2454
1256,2455
1257,2456
1258,2457
1259,2458
1260,2459
1261,2460
1262,2461
1263,2462
1264,2463
1265,2464
1266,2465
1267,2466
1268,2467
1269,2468
1270,2469
1271,2470
1272,2471
1273,2472
1274,2473
1275,2474
1276,2475
1277,2476
1278,2477
1279,2478
1280,2479
1281,2480
1282,2481
1283,2482
1284,2483
1285,2484
1286,2485
1287,2486
1288,2487
1289,2488
1290,2489
1291,2490
1292,2491
1293,2492
1294,2493
1295,2494
1296,2495
1297,2496
1298,2497
1299,2498
1300,2499
1301,2500
1302,2501
1303,2502
1304,2503
1305,2504
1306,2505
1307,2506
1308,2507
1309,2508
1310,2509
1311,2510
1312,2511
1313,2512
1314,2513
1315,2514
1316,2515
1317,2516
1318,2517
1319,2518
1320,2519
1321,2520
1322,2521
1323,2522
1324,2523
1325,2524
1326,2525
1327,2526
1328,2527
1329,2528
1330,2529
1331,2530
1332,2531
1333,2532
1334,2533
1335,2534
1336,2535
1337,2536
1338,2537
1339,2538
1340,2539
1341,2540
1342,2541
1343,2542
1344,2543
1345,2544
1346,2545
1347,2546
1348,2547
1349,2548
1350,2549
1351,2550
1352,2551
1353,2552
1354,2553
1355,2554
1356,2555
1357,2556
1358,2557
1359,2558
1360,2559
1361,2560
1362,2561
1363,2562
1364,2563
1365,2564
1366,2565
1367,2566
1368,2567
1369,2568
1370,2569
1371,2570
1372,2571
1373,2572
1374,2573
1375,2574
1376,2575
1377,2576
1378,2577
1379,2578
1380,2579
1381,2580
1382,2581
1383,2582
1384,2583
1385,2584
1386,2585
1387,2586
1388,2587
1389,2588
1390,2589
1391,2590
1392,2591
1393,2592
1394,2593
1395,2594
1396,2595
1397,2596
1398,2597
1399,2598
1400,2599
1401,2600
1402,2601
1403,2602
1404,2603
1405,2604
1406,2605
1407,2606
1408,2607
1409,2608
1410,2609
1411,2610
1412,2611
1413,2612
1414,2613
1415,2614
1416,2615
1417,2616
1418,2617
1419,2618
1420,2619
1421,2620
1422,2621
1423,2622
1424,2623
1425,2624
1426,2625
1427,2626
1428,2627
1429,2628
1430,2629
1431,2630
1432,2631
1433,2632
1434,2633
1435,2634
1436,2635
1437,2636
1438,2637
1439,2638
1440,2639
1441,2640
1442,2641
1443,2642
1444,2643
1445,2644
1446,2645
1447,2646
1448,2647
1449,2648
1450,2649
1451,2650
1452,2651
1453,2652
1454,2653
1455,2654
1456,2655
1457,2656
1458,2657
1459,2658
1460,2659
1461,2660
1462,2661
1463,2662
1464,2663
1465,2664
1466,2665
1467,2666
1468,2667
1469,2668
1470,2669
1471,2670
1472,2671
1473,2672
1474,2673
1475,2674
1476,2675
1477,2676
1478,2677
1479,2678
1480,2679
1481,2680
1482,2681
1483,2682
1484,2683
1485,2684
1486,2685
1487,2686
1488,2687
1489,2688
1490,2689
1491,2690
1492,2691
1493,2692
1494,2693
1495,2694
1496,2695
1497,2696
1498,2697
1499,2698
1500,2699
1501,2700
1502,2701
1503,2702
1504,2703
1505,2704
1506,2705
1507,2706
1508,2707
1509,2708
1510,2709
1511,2710
1512,2711
1513,2712
1514,2713
1515,2714
1516,2715
1517,2716
1518,2717
1519,2718
1520,2719
1521,2720
1522,2721
1523,2722
1524,2723
1525,2724
1526,2725
1527,2726
1528,2727
1529,2728
1530,2729
1531,2730
1532,2731
1533,2732
1534,2733
1535,2734
1536,2735
1537,2736
1538,2737
1539,2738
1540,2739
1541,2740
1542,2741
1543,2742
1544,2743
1545,2744
1546,2745
1547,2746
1548,2747
1549,2748
1550,2749
1551,2750
1552,2751
1553,2752
1554,2753
1555,2754
1556,2755
1557,2756
1558,2757
1559,2758
1560,2759
1561,2760
1562,2761
1563,2762
1564,2763
1565,2764
1566,2765
1567,2766
1568,2767
1569,2768
1570,2769
1571,2770
1572,2771
1573,2772
1574,2773
1575,2774
1576,2775
1577,2776
1578,2777
1579,2778
1580,2779
1581,2780
1582,2781
1583,2782
1584,2783
1585,2784
1586,2785
1587,2786
1588,2787
1589,2788
1590,2789
1591,2790
1592,2791
1593,2792
1594,2793
1595,2794
1596,2795
1597,2796
1598,2797
1599,2798
1600,2799
1601,2800
1602,2801
1603,2802
1604,2803
1605,2804
1606,2805
1607,2806
1608,2807
1609,2808
1610,2809
1611,2810
1612,2811
1613,2812
1614,2813
1615,2814
1616,2815
1617,2816
1618,2817
1619,2818
1620,2819
1621,2820
1622,2821
1623,2822
1624,2823
1625,2824
1626,2825
1627,2826
1628,2827
1629,2828
1630,2829
1631,2830
1632,2831
1633,2832
1634,2833
1635,2834
1636,2835
1637,2836
1638,2837
1639,2838
1640,2839
1641,2840
1642,2841
1643,2842
1644,2843
1645,2844
1646,2845
1647,2846
1648,2847
1649,2848
1650,2849
1651,2850
1652,2851
1653,2852
1654,2853
1655,2854
1656,2855
1657,2856
1658,2857
1659,2858
1660,2859
1661,2860
1662,2861
1663,2862
1664,2863
1665,2864
1666,2865
1667,2866
1668,2867
1669,2868
1670,2869
1671,2870
1672,2871
1673,2872
1674,2873
1675,2874
1676,2875
1677,2876
1678,2877
1679,2878
1680,2879
1681,2880
1682,2881
1683,2882
1684,2883
1685,2884
1686,2885
1687,2886
1688,2887
1689,2888
1690,2889
1691,2890
1692,2891
1693,2892
1694,2893
1695,2894
1696,2895
1697,2896
1698,2897
1699,2898
1700,2899
1701,2900
1702,2901
1703,2902
1704,2903
1705,2904
1706,2905
1707,2906
1708,2907
1709,2908
1710,2909
1711,2910
1712,2911
1713,2912
1714,2913
1715,2914
1716,2915
1717,2916
1718,2917
1719,2918
1720,2919
1721,2920
1722,2921
1723,2922
1724,2923
1725,2924
1726,2925
1727,2926
1728,2927
1729,2928
1730,2929
1731,2930
1732,2931
1733,2932
1734,2933
1735,2934
1736,2935
1737,2936
1738,2937
1739,2938
1740,2939
1741,2940
1742,2941
1743,2942
1744,2943
1745,2944
1746,2945
1747,2946
1748,2947
1749,2948
1750,2949
1751,2950
1752,2951
1753,2952
1754,2953
1755,2954
1756,2955
1757,2956
1758,2957
1759,2958
1760,2959
1761,2960
1762,2961
1763,2962
1764,2963
1765,2964
1766,2965
1767,2966
1768,2967
1769,2968
1770,2969
1771,2970
1772,2971
1773,2972
1774,2973
1775,2974
1776,2975
1777,2976
1778,2977
1779,2978
1780,2979
1781,2980
1782,2981
1783,2982
1784,2983
1785,2984
1786,2985
1787,2986
1788,2987
1789,2988
1790,2989
1791,2990
1792,2991
1793,2992
1794,2993
1795,2994
1796,2995
1797,2996
1798,2997
1799,2998
1800,2999
1801,3000
1802,3001
1803,3002
1804,3003
1805,3004
1806,3005
1807,3006
1808,3007
1809,3008
1810,3009
1811,3010
1812,3011
1813,3012
1814,3013
1815,3014
1816,3015
1817,3016
1818,3017
1819,3018
1820,3019
1821,3020
1822,3021
1823,3022
1824,3023
1825,3024
1826,3025
1827,3026
1828,3027
1829,3028
1830,3029
1831,3030
1832,3031
1833,3032
1834,3033
1835,3034
1836,3035
1837,3036
1838,3037
1839,3038
1840,3039
1841,3040
1842,3041
1843,3042
1844,3043
1845,3044
1846,3045
1847,3046
1848,3047
1849,3048
1850,3049
1851,3050
1852,3051
1853,3052
1854,3053
1855,3054
1856,3055
1857,3056
1858,3057
1859,3058
1860,3059
1861,3060
1862,3061
1863,3062
1864,3063
1865,3064
1866,3065
1867,3066
1868,3067
1869,3068
1870,3069
1871,3070
1872,3071
1873,3072
1874,3073
1875,3074
1876,3075
1877,3076
1878,3077
1879,3078
1880,3079
1881,3080
1882,3081
1883,3082
1884,3083
1885,3084
1886,3085
1887,3086
1888,3087
1889,3088
1890,3089
1891,3090
1892,3091
1893,3092
1894,3093
1895,3094
1896,3095
1897,3096
1898,3097
1899,3098
1900,3099
1901,3100
1902,3101
1903,3102
1904,3103
1905,3104
1906,3105
1907,3106
1908,3107
1909,3108
1910,3109
1911,3110
1912,3111
1913,3112
1914,3113
1915,3114
1916,3115
1917,3116
1918,3117
1919,3118
1920,3119
1921,3120
1922,3121
1923,3122
1924,3123
1925,3124
1926,3125
1927,3126
1928,3127
1929,3128
1930,3129
1931,3130
1932,3131
1933,3132
1934,3133
1935,3134
1936,3135
1937,3136
1938,3137
1939,3138
1940,3139
1941,3140
1942,3141
1943,3142
1944,3143
1945,3144
1946,3145
1947,3146
1948,3147
1949,3148
1950,3149
1951,3150
1952,3151
1953,3152
1954,3153
1955,3154
1956,3155
1957,3156
1958,3157
1959,3158
1960,3159
1961,3160
1962,3161
1963,3162
1964,3163
1965,3164
1966,3165
1967,3166
1968,3167
1969,3168
1970,3169
1971,3170
1972,3171
1973,3172
1974,3173
1975,3174
1976,3175
1977,3176
1978,3177
1979,3178
1980,3179
1981,3180
1982,3181
1983,3182
1984,3183
1985,3184
1986,3185
1987,3186
1988,3187
1989,3188
1990,3189
1991,3190
1992,3191
1993,3192
1994,3193
1995,3194
1996,3195
1997,3196
1998,3197
1999,3198
2000,3199
2001,3200
2002,3201
2003,3202
2004,3203
2005,3204
2006,3205
2007,3206
2008,3207
2009,3208
2010,3209
2011,3210
2012,3211
2013,3212
2014,3213
2015,3214
2016,3215
2017,3216
2018,3217
2019,3218
2020,3219
2021,3220
2022,3221
2023,3222
2024,3223
2025,3224
2026,3225
2027,3226
2028,3227
2029,3228
2030,3229
2031,3230
2032,3231
2033,3232
2034,3233
2035,3234
2036,3235
2037,3236
2038,3237
2039,3238
2040,3239
2041,3240
2042,3241
2043,3242
2044,3243
2045,3244
2046,3245
2047,3246
2048,3247
2049,3248
2050,3249
2051,3250
2052,3251
2053,3252
2054,3253
2055,3254
2056,3255
2057,3256
2058,3257
2059,3258
2060,3259
2061,3260
2062,3261
2063,3262
2064,3263
2065,3264
2066,3265
2067,3266
2068,3267
2069,3268
2070,3269
2071,3270
2072,3271
2073,3272
2074,3273
2075,3274
2076,3275
2077,3276
2078,3277
2079,3278
2080,3279
2081,3280
2082,3281
2083,3282
2084,3283
2085,3284
2086,3285
2087,3286
2088,3287
2089,3288
2090,3289
2091,3290
2092,3291
2093,3292
2094,3293
2095,3294
2096,3295
2097,3296
2098,3297
2099,3298
2100,3299
2101,3300
2102,3301
2103,3302
2104,3303
2105,3304
2106,3305
2107,3306
2108,3307
2109,3308
2110,3309
2111,3310
2112,3311
2113,3312
2114,3313
2115,3314
2116,3315
2117,3316
2118,3317
2119,3318
2120,3319
2121,3320
2122,3321
2123,3322
2124,3323
2125,3324
2126,3325
2127,3326
2128,3327
2129,3328
2130,3329
2131,3330
2132,3331
2133,3332
2134,3333
2135,3334
2136,3335
2137,3336
2138,3337
2139,3338
2140,3339
2141,3340
2142,3341
2143,3342
2144,3343
2145,3344
2146,3345
2147,3346
2148,3347
2149,3348
2150,3349
2151,3350
2152,3351
2153,3352
2154,3353
2155,3354
2156,3355
2157,3356
2158,3357
2159,3358
2160,3359
2161,3360
2162,3361
2163,3362
2164,3363
2165,3364
2166,3365
2167,3366
2168,3367
2169,3368
2170,3369
2171,3370
2172,3371
2173,3372
2174,3373
2175,3374
2176,3375
2177,3376
2178,3377
2179,3378
2180,3379
2181,3380
2182,3381
2183,3382
2184,3383
2185,3384
2186,3385
2187,3386
2188,3387
2189,3388
2190,3389
2191,3390
2192,3391
2193,3392
2194,3393
2195,3394
2196,3395
2197,3396
2198,3397
2199,3398
2200,3399
2201,3400
2202,3401
2203,3402
2204,3403
2205,3404
2206,3405
2207,3406
2208,3407
2209,3408
2210,3409
2211,3410
2212,3411
2213,3412
2214,3413
2215,3414
2216,3415
2217,3416
2218,3417
2219,3418
2220,3419
2221,3420
2222,3421
2223,3422
2224,3423
2225,3424
2226,3425
2227,3426
2228,3427
2229,3428
2230,3429
2231,3430
2232,3431
2233,3432
2234,3433
2235,3434
2236,3435
2237,3436
2238,3437
2239,3438
2240,3439
2241,3440
2242,3441
2243,3442
2244,3443
2245,3444
2246,3445
2247,3446
2248,3447
2249,3448
2250,3449
2251,3450
2252,3451
2253,3452
2254,3453
2255,3454
2256,3455
2257,3456
2258,3457
2259,3458
2260,3459
2261,3460
2262,3461
2263,3462
2264,3463
2265,3464
2266,3465
2267,3466
2268,3467
2269,3468
2270,3469
2271,3470
2272,3471
2273,3472
2274,3473
2275,3474
2276,3475
2277,3476
2278,3477
2279,3478
2280,3479
2281,3480
2282,3481
2283,3482
2284,3483
2285,3484
2286,3485
2287,3486
2288,3487
2289,3488
2290,3489
2291,3490
2292,3491
2293,3492
2294,3493
2295,3494
2296,3495
2297,3496
2298,3497
2299,3498
2300,3499
2301,3500
2302,3501
2303,3502
2304,3503
2305,3504
2306,3505
2307,3506
2308,3507
2309,3508
2310,3509
2311,3510
2312,3511
2313,3512
2314,3513
2315,3514
2316,3515
2317,3516
2318,3517
2319,3518
2320,3519
2321,3520
2322,3521
2323,3522
2324,3523
2325,3524
2326,3525
2327,3526
2328,3527
2329,3528
2330,3529
2331,3530
2332,3531
2333,3532
2334,3533
2335,3534
2336,3535
2337,3536
2338,3537
2339,3538
2340,3539
2341,3540
2342,3541
2343,3542
2344,3543
2345,3544
2346,3545
2347,3546
2348,3547
2349,3548
2350,3549
2351,3550
2352,3551
2353,3552
2354,3553
2355,3554
2356,3555
2357,3556
2358,3557
2359,3558
2360,3559
2361,3560
2362,3561
2363,3562
2364,3563
2365,3564
2366,3565
2367,3566
2368,3567
2369,3568
2370,3569
2371,3570
2372,3571
2373,3572
2374,3573
2375,3574
2376,3575
2377,3576
2378,3577
2379,3578
2380,3579
2381,3580
2382,3581
2383,3582
2384,3583
2385,3584
2386,3585
2387,3586
2388,3587
2389,3588
2390,3589
2391,3590
2392,3591
2393,3592
2394,3593
2395,3594
2396,3595
2397,3596
2398,3597
2399,3598
2400,3599
2401,3600
2402,3601
2403,3602
2404,3603
2405,3604
2406,3605
2407,3606
2408,3607
2409,3608
2410,3609
2411,3610
2412,3611
2413,3612
2414,3613
2415,3614
2416,3615
2417,3616
2418,3617
2419,3618
2420,3619
2421,3620
2422,3621
2423,3622
2424,3623
2425,3624
2426,3625
2427,3626
2428,3627
2429,3628
2430,3629
2431,3630
2432,3631
2433,3632
2434,3633
2435,3634
2436,3635
2437,3636
2438,3637
2439,3638
2440,3639
2441,3640
2442,3641
2443,3642
2444,3643
2445,3644
2446,3645
2447,3646
2448,3647
2449,3648
2450,3649
2451,3650
2452,3651
2453,3652
2454,3653
2455,3654
2456,3655
2457,3656
2458,3657
2459,3658
2460,3659
2461,3660
2462,3661
2463,3662
2464,3663
2465,3664
2466,3665
2467,3666
2468,3667
2469,3668
2470,3669
2471,3670
2472,3671
2473,3672
2474,3673
2475,3674
2476,3675
2477,3676
2478,3677
2479,3678
2480,3679
2481,3680
2482,3681
2483,3682
2484,3683
2485,3684
2486,3685
2487,3686
2488,3687
2489,3688
2490,3689
2491,3690
2492,3691
2493,3692
2494,3693
2495,3694
2496,3695
2497,3696
2498,3697
2499,3698
2500,3699
2501,3700
2502,3701
2503,3702
2504,3703
2505,3704
2506,3705
2507,3706
2508,3707
2509,3708
2510,3709
2511,3710
2512,3711
2513,3712
2514,3713
2515,3714
2516,3715
2517,3716
2518,3717
2519,3718
2520,3719
2521,3720
2522,3721
2523,3722
2524,3723
2525,3724
2526,3725
2527,3726
2528,3727
2529,3728
2530,3729
2531,3730
2532,3731
2533,3732
2534,3733
2535,3734
2536,3735
2537,3736
2538,3737
2539,3738
2540,3739
2541,3740
2542,3741
2543,3742
2544,3743
2545,3744
2546,3745
2547,3746
2548,3747
2549,3748
2550,3749
2551,3750
2552,3751
2553,3752
2554,3753
2555,3754
2556,3755
2557,3756
2558,3757
2559,3758
2560,3759
2561,3760
2562,3761
2563,3762
2564,3763
2565,3764
2566,3765
2567,3766
2568,3767
2569,3768
2570,3769
2571,3770
2572,3771
2573,3772
2574,3773
2575,3774
2576,3775
2577,3776
2578,3777
2579,3778
2580,3779
2581,3780
2582,3781
2583,3782
2584,3783
2585,3784
2586,3785
2587,3786
2588,3787
2589,3788
2590,3789
2591,3790
2592,3791
2593,3792
2594,3793
2595,3794
2596,3795
2597,3796
2598,3797
2599,3798
2600,3799
2601,3800
2602,3801
2603,3802
2604,3803
2605,3804
2606,3805
2607,3806
2608,3807
2609,3808
2610,3809
2611,3810
2612,3811
2613,3812
2614,3813
2615,3814
2616,3815
2617,3816
2618,3817
2619,3818
2620,3819
2621,3820
2622,3821
2623,3822
2624,3823
2625,3824
2626,3825
2627,3826
2628,3827
2629,3828
2630,3829
2631,3830
2632,3831
2633,3832
2634,3833
2635,3834
2636,3835
2637,3836
2638,3837
2639,3838
2640,3839
2641,3840
2642,3841
2643,3842
2644,3843
2645,3844
2646,3845
2647,3846
2648,3847
2649,3848
2650,3849
2651,3850
2652,3851
2653,3852
2654,3853
2655,3854
2656,3855
2657,3856
2658,3857
2659,3858
2660,3859
2661,3860
2662,3861
2663,3862
2664,3863
2665,3864
2666,3865
2667,3866
2668,3867
2669,3868
2670,3869
2671,3870
2672,3871
2673,3872
2674,3873
2675,3874
2676,3875
2677,3876
2678,3877
2679,3878
2680,3879
2681,3880
2682,3881
2683,3882
2684,3883
2685,3884
2686,3885
2687,3886
2688,3887
2689,3888
2690,3889
2691,3890
2692,3891
2693,3892
2694,3893
2695,3894
2696,3895
2697,3896
2698,3897
2699,3898
2700,3899
2701,3900
2702,3901
2703,3902
2704,3903
2705,3904
2706,3905
2707,3906
2708,3907
2709,3908
2710,3909
2711,3910
2712,3911
2713,3912
2714,3913
2715,3914
2716,3915
2717,3916
2718,3917
2719,3918
2720,3919
2721,3920
2722,3921
2723,3922
2724,3923
2725,3924
2726,3925
2727,3926
2728,3927
2729,3928
2730,3929
2731,3930
2732,3931
2733,3932
2734,3933
2735,3934
2736,3935
2737,3936
2738,3937
2739,3938
2740,3939
2741,3940
2742,3941
2743,3942
2744,3943
2745,3944
2746,3945
2747,3946
2748,3947
2749,3948
2750,3949
2751,3950
2752,3951
2753,3952
2754,3953
2755,3954
2756,3955
2757,3956
2758,3957
2759,3958
2760,3959
2761,3960
2762,3961
2763,3962
2764,3963
2765,3964
2766,3965
2767,3966
2768,3967
2769,3968
2770,3969
2771,3970
2772,3971
2773,3972
2774,3973
2775,3974
2776,3975
2777,3976
2778,3977
2779,3978
2780,3979
2781,3980
2782,3981
2783,3982
2784,3983
2785,3984
2786,3985
2787,3986
2788,3987
2789,3988
2790,3989
2791,3990
2792,3991
2793,3992
2794,3993
2795,3994
2796,3995
2797,3996
2798,3997
2799,3998
2800,3999
2801,4000
2802,4001
2803,4002
2804,4003
2805,4004
2806,4005
2807,4006
2808,4007
2809,4008
2810,4009
2811,4010
2812,4011
2813,4012
2814,4013
2815,4014
2816,4015
2817,4016
2818,4017
2819,4018
2820,4019
2821,4020
2822,4021
2823,4022
2824,4023
2825,4024
2826,4025
2827,4026
2828,4027
2829,4028
2830,4029
2831,4030
2832,4031
2833,4032
2834,4033
2835,4034
2836,4035
2837,4036
2838,4037
2839,4038
2840,4039
2841,4040
2842,4041
2843,4042
2844,4043
2845,4044
2846,4045
2847,4046
2848,4047
2849,4048
2850,4049
2851,4050
2852,4051
2853,4052
2854,4053
2855,4054
2856,4055
2857,4056
2858,4057
2859,4058
2860,4059
2861,4060
2862,4061
2863,4062
2864,4063
2865,4064
2866,4065
2867,4066
2868,4067
2869,4068
2870,4069
2871,4070
2872,4071
2873,4072
2874,4073
2875,4074
2876,4075
2877,4076
2878,4077
2879,4078
2880,4079
2881,4080
2882,4081
2883,4082
2884,4083
2885,4084
2886,4085
2887,4086
2888,4087
2889,4088
2890,4089
2891,4090
2892,4091
2893,4092
2894,4093
2895,4094
2896,4095
2897,4096
2898,4097
2899,4098
2900,4099
2901,4100
2902,4101
2903,4102
2904,4103
2905,4104
2906,4105
2907,4106
2908,4107
2909,4108
2910,4109
2911,4110
2912,4111
2913,4112
2914,4113
2915,4114
2916,4115
2917,4116
2918,4117
2919,4118
2920,4119
2921,4120
2922,4121
2923,4122
2924,4123
2925,4124
2926,4125
2927,4126
2928,4127
2929,4128
2930,4129
2931,4130
2932,4131
2933,4132
2934,4133
2935,4134
2936,4135
2937,4136
2938,4137
2939,4138
2940,4139
2941,4140
2942,4141
2943,4142
2944,4143
2945,4144
2946,4145
2947,4146
2948,4147
2949,4148
2950,4149
2951,4150
2952,4151
2953,4152
2954,4153
2955,4154
2956,4155
2957,4156
2958,4157
2959,4158
2960,4159
2961,4160
2962,4161
2963,4162
2964,4163
2965,4164
2966,4165
2967,4166
2968,4167
2969,4168
2970,4169
2971,4170
2972,4171
2973,4172
2974,4173
2975,4174
2976,4175
2977,4176
2978,4177
2979,4178
2980,4179
2981,4180
2982,4181
2983,4182
2984,4183
2985,4184
2986,4185
2987,4186
2988,4187
2989,4188
2990,4189
2991,4190
2992,4191
2993,4192
2994,4193
2995,4194
2996,4195
2997,4196
2998,4197
2999,4198
3000,4199
3001,4200
3002,4201
3003,4202
3004,4203
3005,4204
3006,4205
3007,4206
3008,4207
3009,4208
3010,4209
3011,4210
3012,4211
3013,4212
3014,4213
3015,4214
3016,4215
3017,4216
3018,4217
3019,4218
3020,4219
3021,4220
3022,4221
3023,4222
3024,4223
3025,4224
3026,4225
3027,4226
3028,4227
3029,4228
3030,4229
3031,4230
3032,4231
3033,4232
3034,4233
3035,4234
3036,4235
3037,4236
3038,4237
3039,4238
3040,4239
3041,4240
3042,4241
3043,4242
3044,4243
3045,4244
3046,4245
3047,4246
3048,4247
3049,4248
3050,4249
3051,4250
3052,4251
3053,4252
3054,4253
3055,4254
3056,4255
3057,4256
3058,4257
3059,4258
3060,4259
3061,4260
3062,4261
3063,4262
3064,4263
3065,4264
3066,4265
3067,4266
3068,4267
3069,4268
3070,4269
3071,4270
3072,4271
3073,4272
3074,4273
3075,4274
3076,4275
3077,4276
3078,4277
3079,4278
3080,4279
3081,4280
3082,4281
3083,4282
3084,4283
3085,4284
3086,4285
3087,4286
3088,4287
3089,4288
3090,4289
3091,4290
3092,4291
3093,4292
3094,4293
3095,4294
3096,4295
3097,4296
3098,4297
3099,4298
3100,4299
3101,4300
3102,4301
3103,4302
3104,4303
3105,4304
3106,4305
3107,4306
3108,4307
3109,4308
3110,4309
3111,4310
3112,4311
3113,4312
3114,4313
3115,4314
3116,4315
3117,4316
3118,4317
3119,4318
3120,4319
3121,4320
3122,4321
3123,4322
3124,4323
3125,4324
3126,4325
3127,4326
3128,4327
3129,4328
3130,4329
3131,4330
3132,4331
3133,4332
3134,4333
3135,4334
3136,4335
3137,4336
3138,4337
3139,4338
3140,4339
3141,4340
3142,4341
3143,4342
3144,4343
3145,4344
3146,4345
3147,4346
3148,4347
3149,4348
3150,4349
3151,4350
3152,4351
3153,4352
3154,4353
3155,4354
3156,4355
3157,4356
3158,4357
3159,4358
3160,4359
3161,4360
3162,4361
3163,4362
3164,4363
3165,4364
3166,4365
3167,4366
3168,4367
3169,4368
3170,4369
3171,4370
3172,4371
3173,4372
3174,4373
3175,4374
3176,4375
3177,4376
3178,4377
3179,4378
3180,4379
3181,4380
3182,4381
3183,4382
3184,4383
3185,4384
3186,4385
3187,4386
3188,4387
3189,4388
3190,4389
3191,4390
3192,4391
3193,4392
3194,4393
3195,4394
3196,4395
3197,4396
3198,4397
3199,4398
3200,4399
3201,4400
3202,4401
3203,4402
3204,4403
3205,4404
3206,4405
3207,4406
3208,4407
3209,4408
3210,4409
3211,4410
3212,4411
3213,4412
3214,4413
3215,4414
3216,4415
3217,4416
3218,4417
3219,4418
3220,4419
3221,4420
3222,4421
3223,4422
3224,4423
3225,4424
3226,4425
3227,4426
3228,4427
3229,4428
3230,4429
3231,4430
3232,4431
3233,4432
3234,4433
3235,4434
3236,4435
3237,4436
3238,4437
3239,4438
3240,4439
3241,4440
3242,4441
3243,4442
3244,4443
3245,4444
3246,4445
3247,4446
3248,4447
3249,4448
3250,4449
3251,4450
3252,4451
3253,4452
3254,4453
3255,4454
3256,4455
3257,4456
3258,4457
3259,4458
3260,4459
3261,4460
3262,4461
3263,4462
3264,4463
3265,4464
3266,4465
3267,4466
3268,4467
3269,4468
3270,4469
3271,4470
3272,4471
3273,4472
3274,4473
3275,4474
3276,4475
3277,4476
3278,4477
3279,4478
3280,4479
3281,4480
3282,4481
3283,4482
3284,4483
3285,4484
3286,4485
3287,4486
3288,4487
3289,4488
3290,4489
3291,4490
3292,4491
3293,4492
3294,4493
3295,4494
3296,4495
3297,4496
3298,4497
3299,4498
3300,4499
3301,4500
3302,4501
3303,4502
3304,4503
3305,4504
3306,4505
3307,4506
3308,4507
3309,4508
3310,4509
3311,4510
3312,4511
3313,4512
3314,4513
3315,4514
3316,4515
3317,4516
3318,4517
3319,4518
3320,4519
3321,4520
3322,4521
3323,4522
3324,4523
3325,4524
3326,4525
3327,4526
3328,4527
3329,4528
3330,4529
3331,4530
3332,4531
3333,4532
3334,4533
3335,4534
3336,4535
3337,4536
3338,4537
3339,4538
3340,4539
3341,4540
3342,4541
3343,4542
3344,4543
3345,4544
3346,4545
3347,4546
3348,4547
3349,4548
3350,4549
3351,4550
3352,4551
3353,4552
3354,4553
3355,4554
3356,4555
3357,4556
3358,4557
3359,4558
3360,4559
3361,4560
3362,4561
3363,4562
3364,4563
3365,4564
3366,4565
3367,4566
3368,4567
3369,4568
3370,4569
3371,4570
3372,4571
3373,4572
3374,4573
3375,4574
3376,4575
3377,4576
3378,4577
3379,4578
3380,4579
3381,4580
3382,4581
3383,4582
3384,4583
3385,4584
3386,4585
3387,4586
3388,4587
3389,4588
3390,4589
3391,4590
3392,4591
3393,4592
3394,4593
3395,4594
3396,4595
3397,4596
3398,4597
3399,4598
3400,4599
3401,4600
3402,4601
3403,4602
3404,4603
3405,4604
3406,4605
3407,4606
3408,4607
3409,4608
3410,4609
3411,4610
3412,4611
3413,4612
3414,4613
3415,4614
3416,4615
3417,4616
3418,4617
3419,4618
3420,4619
3421,4620
3422,4621
3423,4622
3424,4623
3425,4624
3426,4625
3427,4626
3428,4627
3429,4628
3430,4629
3431,4630
3432,4631
3433,4632
3434,4633
3435,4634
3436,4635
3437,4636
3438,4637
3439,4638
3440,4639
3441,4640
3442,4641
3443,4642
3444,4643
3445,4644
3446,4645
3447,4646
3448,4647
3449,4648
3450,4649
3451,4650
3452,4651
3453,4652
3454,4653
3455,4654
3456,4655
3457,4656
3458,4657
3459,4658
3460,4659
3461,4660
3462,4661
3463,4662
3464,4663
3465,4664
3466,4665
3467,4666
3468,4667
3469,4668
3470,4669
3471,4670
3472,4671
3473,4672
3474,4673
3475,4674
3476,4675
3477,4676
3478,4677
3479,4678
3480,4679
3481,4680
3482,4681
3483,4682
3484,4683
3485,4684
3486,4685
3487,4686
3488,4687
3489,4688
3490,4689
3491,4690
3492,4691
3493,4692
3494,4693
3495,4694
3496,4695
3497,4696
3498,4697
3499,4698
3500,4699
3501,4700
3502,4701
3503,4702
3504,4703
3505,4704
3506,4705
3507,4706
3508,4707
3509,4708
3510,4709
3511,4710
3512,4711
3513,4712
3514,4713
3515,4714
3516,4715
3517,4716
3518,4717
3519,4718
3520,4719
3521,4720
3522,4721
3523,4722
3524,4723
3525,4724
3526,4725
3527,4726
3528,4727
3529,4728
3530,4729
3531,4730
3532,4731
3533,4732
3534,4733
3535,4734
3536,4735
3537,4736
3538,4737
3539,4738
3540,4739
3541,4740
3542,4741
3543,4742
3544,4743
3545,4744
3546,4745
3547,4746
3548,4747
3549,4748
3550,9457
3551,9458
3552,9459
3553,9460
3554,9461
3555,9462
3556,9463
3557,9464
3558,9465
3559,9466
3560,9467
3561,9468
3562,9469
3563,9470
3564,9471
3565,9472
3566,9473
3567,9474
3568,9475
3569,9476
3570,9477
3571,9478
3572,9479
3573,9480
3574,9481
3575,9482
3576,9483
3577,9484
3578,9485
3579,9486
3580,9487
3581,9488
3582,9489
3583,9490
3584,9491
3585,9492
3586,9493
3587,9494
3588,9495
3589,9496
3590,9497
3591,9498
3592,9499
3593,9500
3594,9501
3595,9502
3596,9503
3597,9504
3598,9505
3599,9506
3600,9507
3601,9508
3602,9509
3603,9510
3604,9511
3605,9512
3606,9513
3607,9514
3608,9515
3609,9516
3610,9517
3611,9518
3612,9519
3613,9520
3614,9521
3615,9522
3616,9523
3617,9524
3618,9525
3619,9526
3620,9527
3621,9528
3622,9529
3623,9530
3624,9531
3625,9532
3626,9533
3627,9534
3628,9535
3629,9536
3630,9537
3631,9538
3632,9539
3633,9540
3634,9541
3635,9542
3636,9543
3637,9544
3638,9545
3639,9546
3640,9547
3641,9548
3642,9549
3643,9550
3644,9551
3645,9552
3646,9553
3647,9554
3648,9555
3649,9556
3650,9557
3651,9558
3652,9559
3653,9560
3654,9561
3655,9562
3656,9563
3657,9564
3658,9565
3659,9566
3660,9567
3661,9568
3662,9569
3663,9570
3664,9571
3665,9572
3666,9573
3667,9574
3668,9575
3669,9576
3670,9577
3671,9578
3672,9579
3673,9580
3674,9581
3675,9582
3676,9583
3677,9584
3678,9585
3679,9586
3680,9587
3681,9588
3682,9589
3683,9590
3684,9591
3685,9592
3686,9593
3687,9594
3688,9595
3689,9596
3690,9597
3691,9598
3692,9599
3693,9600
3694,9601
3695,9602
3696,9603
3697,9604
3698,9605
3699,9606
3700,9607
3701,9608
3702,9609
3703,9610
3704,9611
3705,9612
3706,9613
3707,9614
3708,9615
3709,9616
3710,9617
3711,9618
3712,9619
3713,9620
3714,9621
3715,9622
3716,9623
3717,9624
3718,9625
3719,9626
3720,9627
3721,9628
3722,9629
3723,9630
3724,9631
3725,9632
3726,9633
3727,9634
3728,9635
3729,9636
3730,9637
3731,9638
3732,9639
3733,9640
3734,9641
3735,9642
3736,9643
3737,9644
3738,9645
3739,9646
3740,9647
3741,9648
3742,9649
3743,9650
3744,9651
3745,9652
3746,9653
3747,9654
3748,9655
3749,9656
3750,9657
3751,9658
3752,9659
3753,9660
3754,9661
3755,9662
3756,9663
3757,9664
3758,9665
3759,9666
3760,9667
3761,9668
3762,9669
3763,9670
3764,9671
3765,9672
3766,9673
3767,9674
3768,9675
3769,9676
3770,9677
3771,9678
3772,9679
3773,9680
3774,9681
3775,9682
3776,9683
3777,9684
3778,9685
3779,9686
3780,9687
3781,9688
3782,9689
3783,9690
3784,9691
3785,9692
3786,9693
3787,9694
3788,9695
3789,9696
3790,9697
3791,9698
3792,9699
3793,9700
3794,9701
3795,9702
3796,9703
3797,9704
3798,9705
3799,9706
3800,9707
3801,9708
3802,9709
3803,9710
3804,9711
3805,9712
3806,9713
3807,9714
3808,9715
3809,9716
3810,9717
3811,9718
3812,9719
3813,9720
3814,9721
3815,9722
3816,9723
3817,9724
3818,9725
3819,9726
3820,9727
3821,9728
3822,9729
3823,9730
3824,9731
3825,9732
3826,9733
3827,9734
3828,9735
3829,9736
3830,9737
3831,9738
3832,9739
3833,9740
3834,9741
3835,9742
3836,9743
3837,9744
3838,9745
3839,9746
3840,9747
3841,9748
3842,9749
3843,9750
3844,9751
3845,9752
3846,9753
3847,9754
3848,9755
3849,9756
3850,9757
3851,9758
3852,9759
3853,9760
3854,9761
3855,9762
3856,9763
3857,9764
3858,9765
3859,9766
3860,9767
3861,9768
3862,9769
3863,9770
3864,9771
3865,9772
3866,9773
3867,9774
3868,9775
3869,9776
3870,9777
3871,9778
3872,9779
3873,9780
3874,9781
3875,9782
3876,9783
3877,9784
3878,9785
3879,9786
3880,9787
3881,9788
3882,9789
3883,9790
3884,9791
3885,9792
3886,9793
3887,9794
3888,9795
3889,9796
3890,9797
3891,9798
3892,9799
3893,9800
3894,9801
3895,9802
3896,9803
3897,9804
3898,9805
3899,9806
3900,9807
3901,9808
3902,9809
3903,9810
3904,9811
3905,9812
3906,9813
3907,9814
3908,9815
3909,9816
3910,9817
3911,9818
3912,9819
3913,9820
3914,9821
3915,9822
3916,9823
3917,9824
3918,9825
3919,9826
3920,9827
3921,9828
3922,9829
3923,9830
3924,9831
3925,9832
3926,9833
3927,9834
3928,9835
3929,9836
3930,9837
3931,9838
3932,9839
3933,9840
3934,9841
3935,9842
3936,9843
3937,9844
3938,9845
3939,9846
3940,9847
3941,9848
3942,9849
3943,9850
3944,9851
3945,9852
3946,9853
3947,9854
3948,9855
3949,9856
3950,9857
3951,9858
3952,9859
3953,9860
3954,9861
3955,9862
3956,9863
3957,9864
3958,9865
3959,9866
3960,9867
3961,9868
3962,9869
3963,9870
3964,9871
3965,9872
3966,9873
3967,9874
3968,9875
3969,9876
3970,9877
3971,9878
3972,9879
3973,9880
3974,9881
3975,9882
3976,9883
3977,9884
3978,9885
3979,9886
3980,9887
3981,9888
3982,9889
3983,9890
3984,9891
3985,9892
3986,9893
3987,9894
3988,9895
3989,9896
3990,9897
3991,9898
3992,9899
3993,9900
3994,9901
3995,9902
3996,9903
3997,9904
3998,9905
3999,9906
4000,9907
4001,9908
4002,9909
4003,9910
4004,9911
4005,9912
4006,9913
4007,9914
4008,9915
4009,9916
4010,9917
4011,9918
4012,9919
4013,9920
4014,9921
4015,9922
4016,9923
4017,9924
4018,9925
4019,9926
4020,9927
4021,9928
4022,9929
4023,9930
4024,9931
4025,9932
4026,9933
4027,9934
4028,9935
4029,9936
4030,9937
4031,9938
4032,9939
4033,9940
4034,9941
4035,9942
4036,9943
4037,9944
4038,9945
4039,9946
4040,9947
4041,9948
4042,9949
4043,9950
4044,9951
4045,9952
4046,9953
4047,9954
4048,9955
4049,9956
4050,9957
4051,9958
4052,9959
4053,9960
4054,9961
4055,9962
4056,9963
4057,9964
4058,9965
4059,9966
4060,9967
4061,9968
4062,9969
4063,9970
4064,9971
4065,9972
4066,9973
4067,9974
4068,9975
4069,9976
4070,9977
4071,9978
4072,9979
4073,9980
4074,9981
4075,9982
4076,9983
4077,9984
4078,9985
4079,9986
4080,9987
4081,9988
4082,9989
4083,9990
4084,9991
4085,9992
4086,9993
4087,9994
4088,9995
4089,9996
4090,9997
4091,9998
4092,9999
4093,10000
4094,10001
4095,10002
4096,10003
4097,10004
4098,10005
4099,10006
4100,10007
4101,10008
4102,10009
4103,10010
4104,10011
4105,10012
4106,10013
4107,10014
4108,10015
4109,10016
4110,10017
4111,10018
4112,10019
4113,10020
4114,10021
4115,10022
4116,10023
4117,10024
4118,10025
4119,10026
4120,10027
4121,10028
4122,10029
4123,10030
4124,10031
4125,10032
4126,10033
4127,10034
4128,10035
4129,10036
4130,10037
4131,10038
4132,10039
4133,10040
4134,10041
4135,10042
4136,10043
4137,10044
4138,10045
4139,10046
4140,10047
4141,10048
4142,10049
4143,10050
4144,10051
4145,10052
4146,10053
4147,10054
4148,10055
4149,10056
4150,10057
4151,10058
4152,10059
4153,10060
4154,10061
4155,10062
4156,10063
4157,10064
4158,10065
4159,10066
4160,10067
4161,10068
4162,10069
4163,10070
4164,10071
4165,10072
4166,10073
4167,10074
4168,10075
4169,10076
4170,10077
4171,10078
4172,10079
4173,10080
4174,10081
4175,10082
4176,10083
4177,10084
4178,10085
4179,10086
4180,10087
4181,10088
4182,10089
4183,10090
4184,10091
4185,10092
4186,10093
4187,10094
4188,10095
4189,10096
4190,10097
4191,10098
4192,10099
4193,10100
4194,10101
4195,10102
4196,10103
4197,10104
4198,10105
4199,10106
4200,10107
4201,10108
4202,10109
4203,10110
4204,10111
4205,10112
4206,10113
4207,10114
4208,10115
4209,10116
4210,10117
4211,10118
4212,10119
4213,10120
4214,10121
4215,10122
4216,10123
4217,10124
4218,10125
4219,10126
4220,10127
4221,10128
4222,10129
4223,10130
4224,10131
4225,10132
4226,10133
4227,10134
4228,10135
4229,10136
4230,10137
4231,10138
4232,10139
4233,10140
4234,10141
4235,10142
4236,10143
4237,10144
4238,10145
4239,10146
4240,10147
4241,10148
4242,10149
4243,10150
4244,10151
4245,10152
4246,10153
4247,10154
4248,10155
4249,10156
4250,10157
4251,10158
4252,10159
4253,10160
4254,10161
4255,10162
4256,10163
4257,10164
4258,10165
4259,10166
4260,10167
4261,10168
4262,10169
4263,10170
4264,10171
4265,10172
4266,10173
4267,10174
4268,10175
4269,10176
4270,10177
4271,10178
4272,10179
4273,10180
4274,10181
4275,10182
4276,10183
4277,10184
4278,10185
4279,10186
4280,10187
4281,10188
4282,10189
4283,10190
4284,10191
4285,10192
4286,10193
4287,10194
4288,10195
4289,10196
4290,10197
4291,10198
4292,10199
4293,10200
4294,10201
4295,10202
4296,10203
4297,10204
4298,10205
4299,10206
4300,10207
4301,10208
4302,10209
4303,10210
4304,10211
4305,10212
4306,10213
4307,10214
4308,10215
4309,10216
4310,10217
4311,10218
4312,10219
4313,10220
4314,10221
4315,10222
4316,10223
4317,10224
4318,10225
4319,10226
4320,10227
4321,10228
4322,10229
4323,10230
4324,10231
4325,10232
4326,10233
4327,10234
4328,10235
4329,10236
4330,10237
4331,10238
4332,10239
4333,10240
4334,10241
4335,10242
4336,10243
4337,10244
4338,10245
4339,10246
4340,10247
4341,10248
4342,10249
4343,10250
4344,10251
4345,10252
4346,10253
4347,10254
4348,10255
4349,10256
4350,10257
4351,10258
4352,10259
4353,10260
4354,10261
4355,10262
4356,10263
4357,10264
4358,10265
4359,10266
4360,10267
4361,10268
4362,10269
4363,10270
4364,10271
4365,10272
4366,10273
4367,10274
4368,10275
4369,10276
4370,10277
4371,10278
4372,10279
4373,10280
4374,10281
4375,10282
4376,10283
4377,10284
4378,10285
4379,10286
4380,10287
4381,10288
4382,10289
4383,10290
4384,10291
4385,10292
4386,10293
4387,10294
4388,10295
4389,10296
4390,10297
4391,10298
4392,10299
4393,10300
4394,10301
4395,10302
4396,10303
4397,10304
4398,10305
4399,10306
4400,10307
4401,10308
4402,10309
4403,10310
4404,10311
4405,10312
4406,10313
4407,10314
4408,10315
4409,10316
4410,10317
4411,10318
4412,10319
4413,10320
4414,10321
4415,10322
4416,10323
4417,10324
4418,10325
4419,10326
4420,10327
4421,10328
4422,10329
4423,10330
4424,10331
4425,10332
4426,10333
4427,10334
4428,10335
4429,10336
4430,10337
4431,10338
4432,10339
4433,10340
4434,10341
4435,10342
4436,10343
4437,10344
4438,10345
4439,10346
4440,10347
4441,10348
4442,10349
4443,10350
4444,10351
4445,10352
4446,10353
4447,10354
4448,10355
4449,10356
4450,10357
4451,10358
4452,10359
4453,10360
4454,10361
4455,10362
4456,10363
4457,10364
4458,10365
4459,10366
4460,10367
4461,10368
4462,10369
4463,10370
4464,10371
4465,10372
4466,10373
4467,10374
4468,10375
4469,10376
4470,10377
4471,10378
4472,10379
4473,10380
4474,10381
4475,10382
4476,10383
4477,10384
4478,10385
4479,10386
4480,10387
4481,10388
4482,10389
4483,10390
4484,10391
4485,10392
4486,10393
4487,10394
4488,10395
4489,10396
4490,10397
4491,10398
4492,10399
4493,10400
4494,10401
4495,10402
4496,10403
4497,10404
4498,10405
4499,10406
4500,10407
4501,10408
4502,10409
4503,10410
4504,10411
4505,10412
4506,10413
4507,10414
4508,10415
4509,10416
4510,10417
4511,10418
4512,10419
4513,10420
4514,10421
4515,10422
4516,10423
4517,10424
4518,10425
4519,10426
4520,10427
4521,10428
4522,10429
4523,10430
4524,10431
4525,10432
4526,10433
4527,10434
4528,10435
4529,10436
4530,10437
4531,10438
4532,10439
4533,10440
4534,10441
4535,10442
4536,10443
4537,10444
4538,10445
4539,10446
4540,10447
4541,10448
4542,10449
4543,10450
4544,10451
4545,10452
4546,10453
4547,10454
4548,10455
4549,10456
4550,10457
4551,10458
4552,10459
4553,10460
4554,10461
4555,10462
4556,10463
4557,10464
4558,10465
4559,10466
4560,10467
4561,10468
4562,10469
4563,10470
4564,10471
4565,10472
4566,10473
4567,10474
4568,10475
4569,10476
4570,10477
4571,10478
4572,10479
4573,10480
4574,10481
4575,10482
4576,10483
4577,10484
4578,10485
4579,10486
4580,10487
4581,10488
4582,10489
4583,10490
4584,10491
4585,10492
4586,10493
4587,10494
4588,10495
4589,10496
4590,10497
4591,10498
4592,10499
4593,10500
4594,10501
4595,10502
4596,10503
4597,10504
4598,10505
4599,10506
4600,10507
4601,10508
4602,10509
4603,10510
4604,10511
4605,10512
4606,10513
4607,10514
4608,10515
4609,10516
4610,10517
4611,10518
4612,10519
4613,10520
4614,10521
4615,10522
4616,10523
4617,10524
4618,10525
4619,10526
4620,10527
4621,10528
4622,10529
4623,10530
4624,10531
4625,10532
4626,10533
4627,10534
4628,10535
4629,10536
4630,10537
4631,10538
4632,10539
4633,10540
4634,10541
4635,10542
4636,10543
4637,10544
4638,10545
4639,10546
4640,10547
4641,10548
4642,10549
4643,10550
4644,10551
4645,10552
4646,10553
4647,10554
4648,10555
4649,10556
4650,10557
4651,10558
4652,10559
4653,10560
4654,10561
4655,10562
4656,10563
4657,10564
4658,10565
4659,10566
4660,10567
4661,10568
4662,10569
4663,10570
4664,10571
4665,10572
4666,10573
4667,10574
4668,10575
4669,10576
4670,10577
4671,10578
4672,10579
4673,10580
4674,10581
4675,10582
4676,10583
4677,10584
4678,10585
4679,10586
4680,10587
4681,10588
4682,10589
4683,10590
4684,10591
4685,10592
4686,10593
4687,10594
4688,10595
4689,10596
4690,10597
4691,10598
4692,10599
4693,10600
4694,10601
4695,10602
4696,10603
4697,10604
4698,10605
4699,10606
4700,10607
4701,10608
4702,10609
4703,10610
4704,10611
4705,10612
4706,10613
4707,10614
4708,10615
4709,10616
4710,10617
4711,10618
4712,10619
4713,10620
4714,10621
4715,10622
4716,10623
4717,10624
4718,10625
4719,10626
4720,10627
4721,10628
4722,10629
4723,10630
4724,10631
4725,10632
4726,10633
4727,10634
4728,10635
4729,10636
4730,10637
4731,10638
4732,10639
4733,10640
4734,10641
4735,10642
4736,10643
4737,10644
4738,10645
4739,10646
4740,10647
4741,10648
4742,10649
4743,10650
4744,10651
4745,10652
4746,10653
4747,10654
4748,10655
4749,10656
4750,10657
4751,10658
4752,10659
4753,10660
4754,10661
4755,10662
4756,10663
4757,10664
4758,10665
4759,10666
4760,10667
4761,10668
4762,10669
4763,10670
4764,10671
4765,10672
4766,10673
4767,10674
4768,10675
4769,10676
4770,10677
4771,10678
4772,10679
4773,10680
4774,10681
4775,10682
4776,10683
4777,10684
4778,10685
4779,10686
4780,10687
4781,10688
4782,10689
4783,10690
4784,10691
4785,10692
4786,10693
4787,10694
4788,10695
4789,10696
4790,10697
4791,10698
4792,10699
4793,10700
4794,10701
4795,10702
4796,10703
4797,10704
4798,10705
4799,10706
4800,10707
4801,10708
4802,10709
4803,10710
4804,10711
4805,10712
4806,10713
4807,10714
4808,10715
4809,10716
4810,10717
4811,10718
4812,10719
4813,10720
4814,10721
4815,10722
4816,10723
4817,10724
4818,10725
4819,10726
4820,10727
4821,10728
4822,10729
4823,10730
4824,10731
4825,10732
4826,10733
4827,10734
4828,10735
4829,10736
4830,10737
4831,10738
4832,10739
4833,10740
4834,10741
4835,10742
4836,10743
4837,10744
4838,10745
4839,10746
4840,10747
4841,10748
4842,10749
4843,10750
4844,10751
4845,10752
4846,10753
4847,10754
4848,10755
4849,10756
4850,10757
4851,10758
4852,10759
4853,10760
4854,10761
4855,10762
4856,10763
4857,10764
4858,10765
4859,10766
4860,10767
4861,10768
4862,10769
4863,10770
4864,10771
4865,10772
4866,10773
4867,10774
4868,10775
4869,10776
4870,10777
4871,10778
4872,10779
4873,10780
4874,10781
4875,10782
4876,10783
4877,10784
4878,10785
4879,10786
4880,10787
4881,10788
4882,10789
4883,10790
4884,10791
4885,10792
4886,10793
4887,10794
4888,10795
4889,10796
4890,10797
4891,10798
4892,10799
4893,10800
4894,10801
4895,10802
4896,10803
4897,10804
4898,10805
4899,10806
4900,10807
4901,10808
4902,10809
4903,10810
4904,10811
4905,10812
4906,10813
4907,10814
4908,10815
4909,10816
4910,10817
4911,10818
4912,10819
4913,10820
4914,10821
4915,10822
4916,10823
4917,10824
4918,10825
4919,10826
4920,10827
4921,10828
4922,10829
4923,10830
4924,10831
4925,10832
4926,10833
4927,10834
4928,10835
4929,10836
4930,10837
4931,10838
4932,10839
4933,10840
4934,10841
4935,10842
4936,10843
4937,10844
4938,10845
4939,10846
4940,10847
4941,10848
4942,10849
4943,10850
4944,10851
4945,10852
4946,10853
4947,10854
4948,10855
4949,10856
4950,10857
4951,10858
4952,10859
4953,10860
4954,10861
4955,10862
4956,10863
4957,10864
4958,10865
4959,10866
4960,10867
4961,10868
4962,10869
4963,10870
4964,10871
4965,10872
4966,10873
4967,10874
4968,10875
4969,10876
4970,10877
4971,10878
4972,10879
4973,10880
4974,10881
4975,10882
4976,10883
4977,10884
4978,10885
4979,10886
4980,10887
4981,10888
4982,10889
4983,10890
4984,10891
4985,10892
4986,10893
4987,10894
4988,10895
4989,10896
4990,10897
4991,10898
4992,10899
4993,10900
4994,10901
4995,10902
4996,10903
4997,10904
4998,10905
4999,10906
5000,10907
5001,10908
5002,10909
5003,10910
5004,10911
5005,10912
5006,10913
5007,10914
5008,10915
5009,10916
5010,10917
5011,10918
5012,10919
5013,10920
5014,10921
5015,10922
5016,10923
5017,10924
5018,10925
5019,10926
5020,10927
5021,10928
5022,10929
5023,10930
5024,10931
5025,10932
5026,10933
5027,10934
5028,10935
5029,10936
5030,10937
5031,10938
5032,10939
5033,10940
5034,10941
5035,10942
5036,10943
5037,10944
5038,10945
5039,10946
5040,10947
5041,10948
5042,10949
5043,10950
5044,10951
5045,10952
5046,10953
5047,10954
5048,10955
5049,10956
5050,10957
5051,10958
5052,10959
5053,10960
5054,10961
5055,10962
5056,10963
5057,10964
5058,10965
5059,10966
5060,10967
5061,10968
5062,10969
5063,10970
5064,10971
5065,10972
5066,10973
5067,10974
5068,10975
5069,10976
5070,10977
5071,10978
5072,10979
5073,10980
5074,10981
5075,10982
5076,10983
5077,10984
5078,10985
5079,10986
5080,10987
5081,10988
5082,10989
5083,10990
5084,10991
5085,10992
5086,10993
5087,10994
5088,10995
5089,10996
5090,10997
5091,10998
5092,10999
5093,11000
5094,11001
5095,11002
5096,11003
5097,11004
5098,11005
5099,11006
5100,11007
5101,11008
5102,11009
5103,11010
5104,11011
5105,11012
5106,11013
5107,11014
5108,11015
5109,11016
5110,11017
5111,11018
5112,11019
5113,11020
5114,11021
5115,11022
5116,11023
5117,11024
5118,11025
5119,11026
5120,11027
5121,11028
5122,11029
5123,11030
5124,11031
5125,11032
5126,11033
5127,11034
5128,11035
5129,11036
5130,11037
5131,11038
5132,11039
5133,11040
5134,11041
5135,11042
5136,11043
5137,11044
5138,11045
5139,11046
5140,11047
5141,11048
5142,11049
5143,11050
5144,11051
5145,11052
5146,11053
5147,11054
5148,11055
5149,11056
5150,11057
5151,11058
5152,11059
5153,11060
5154,11061
5155,11062
5156,11063
5157,11064
5158,11065
5159,11066
5160,11067
5161,11068
5162,11069
5163,11070
5164,11071
5165,11072
5166,11073
5167,11074
5168,11075
5169,11076
5170,11077
5171,11078
5172,11079
5173,11080
5174,11081
5175,11082
5176,11083
5177,11084
5178,11085
5179,11086
5180,11087
5181,11088
5182,11089
5183,11090
5184,11091
5185,11092
5186,11093
5187,11094
5188,11095
5189,11096
5190,11097
5191,11098
5192,11099
5193,11100
5194,11101
5195,11102
5196,11103
5197,11104
5198,11105
5199,11106
5200,11107
5201,11108
5202,11109
5203,11110
5204,11111
5205,11112
5206,11113
5207,11114
5208,11115
5209,11116
5210,11117
5211,11118
5212,11119
5213,11120
5214,11121
5215,11122
5216,11123
5217,11124
5218,11125
5219,11126
5220,11127
5221,11128
5222,11129
5223,11130
5224,11131
5225,11132
5226,11133
5227,11134
5228,11135
5229,11136
5230,11137
5231,11138
5232,11139
5233,11140
5234,11141
5235,11142
5236,11143
5237,11144
5238,11145
5239,11146
5240,11147
5241,11148
5242,11149
5243,11150
5244,11151
5245,11152
5246,11153
5247,11154
5248,11155
5249,11156
5250,11157
5251,11158
5252,11159
5253,11160
5254,11161
5255,11162
5256,11163
5257,11164
5258,11165
5259,11166
5260,11167
5261,11168
5262,11169
5263,11170
5264,11171
5265,11172
5266,11173
5267,11174
5268,11175
5269,11176
5270,11177
5271,11178
5272,11179
5273,11180
5274,11181
5275,11182
5276,11183
5277,11184
5278,11185
5279,11186
5280,11187
5281,11188
5282,11189
5283,11190
5284,11191
5285,11192
5286,11193
5287,11194
5288,11195
5289,11196
5290,11197
5291,11198
5292,11199
5293,11200
5294,11201
5295,11202
5296,11203
5297,11204
5298,11205
5299,11206
5300,11207
5301,11208
5302,11209
5303,11210
5304,11211
5305,11212
5306,11213
5307,11214
5308,11215
5309,11216
5310,11217
5311,11218
5312,11219
5313,11220
5314,11221
5315,11222
5316,11223
5317,11224
5318,11225
5319,11226
5320,11227
5321,11228
5322,11229
5323,11230
5324,11231
5325,11232
5326,11233
5327,11234
5328,11235
5329,11236
5330,11237
5331,11238
5332,11239
5333,11240
5334,11241
5335,11242
5336,11243
5337,11244
5338,11245
5339,11246
5340,11247
5341,11248
5342,11249
5343,11250
5344,11251
5345,11252
5346,11253
5347,11254
5348,11255
5349,11256
5350,11257
5351,11258
5352,11259
5353,11260
5354,11261
5355,11262
5356,11263
5357,11264
5358,11265
5359,11266
5360,11267
5361,11268
5362,11269
5363,11270
5364,11271
5365,11272
5366,11273
5367,11274
5368,11275
5369,11276
5370,11277
5371,11278
5372,11279
5373,11280
5374,11281
5375,11282
5376,11283
5377,11284
5378,11285
5379,11286
5380,11287
5381,11288
5382,11289
5383,11290
5384,11291
5385,11292
5386,11293
5387,11294
5388,11295
5389,11296
5390,11297
5391,11298
5392,11299
5393,11300
5394,11301
5395,11302
5396,11303
5397,11304
5398,11305
5399,11306
5400,11307
5401,11308
5402,11309
5403,11310
5404,11311
5405,11312
5406,11313
5407,11314
5408,11315
5409,11316
5410,11317
5411,11318
5412,11319
5413,11320
5414,11321
5415,11322
5416,11323
5417,11324
5418,11325
5419,11326
5420,11327
5421,11328
5422,11329
5423,11330
5424,11331
5425,11332
5426,11333
5427,11334
5428,11335
5429,11336
5430,11337
5431,11338
5432,11339
5433,11340
5434,11341
5435,11342
5436,11343
5437,11344
5438,11345
5439,11346
5440,11347
5441,11348
5442,11349
5443,11350
5444,11351
5445,11352
5446,11353
5447,11354
5448,11355
5449,11356
5450,11357
5451,11358
5452,11359
5453,11360
5454,11361
5455,11362
5456,11363
5457,11364
5458,11365
5459,11366
5460,11367
5461,11368
5462,11369
5463,11370
5464,11371
5465,11372
5466,11373
5467,11374
5468,11375
5469,11376
5470,11377
5471,11378
5472,11379
5473,11380
5474,11381
5475,11382
5476,11383
5477,11384
5478,11385
5479,11386
5480,11387
5481,11388
5482,11389
5483,11390
5484,11391
5485,11392
5486,11393
5487,11394
5488,11395
5489,11396
5490,11397
5491,11398
5492,11399
5493,11400
5494,11401
5495,11402
5496,11403
5497,11404
5498,11405
5499,11406
5500,11407
5501,11408
5502,11409
5503,11410
5504,11411
5505,11412
5506,11413
5507,11414
5508,11415
5509,11416
5510,11417
5511,11418
5512,11419
5513,11420
5514,11421
5515,11422
5516,11423
5517,11424
5518,11425
5519,11426
5520,11427
5521,11428
5522,11429
5523,11430
5524,11431
5525,11432
5526,11433
5527,11434
5528,11435
5529,11436
5530,11437
5531,11438
5532,11439
5533,11440
5534,11441
5535,11442
5536,11443
5537,11444
5538,11445
5539,11446
5540,11447
5541,11448
5542,11449
5543,11450
5544,11451
5545,11452
5546,11453
5547,11454
5548,11455
5549,11456
5550,11457
5551,11458
5552,11459
5553,11460
5554,11461
5555,11462
5556,11463
5557,11464
5558,11465
5559,11466
5560,11467
5561,11468
5562,11469
5563,11470
5564,11471
5565,11472
5566,11473
5567,11474
5568,11475
5569,11476
5570,11477
5571,11478
5572,11479
5573,11480
5574,11481
5575,11482
5576,11483
5577,11484
5578,11485
5579,11486
5580,11487
5581,11488
5582,11489
5583,11490
5584,11491
5585,11492
5586,11493
5587,11494
5588,11495
5589,11496
5590,11497
5591,11498
5592,11499
5593,11500
5594,11501
5595,11502
5596,11503
5597,11504
5598,11505
5599,11506
5600,11507
5601,11508
5602,11509
5603,11510
5604,11511
5605,11512
5606,11513
5607,11514
5608,11515
5609,11516
5610,11517
5611,11518
5612,11519
5613,11520
5614,11521
5615,11522
5616,11523
5617,11524
5618,11525
5619,11526
5620,11527
5621,11528
5622,11529
5623,11530
5624,11531
5625,11532
5626,11533
5627,11534
5628,11535
5629,11536
5630,11537
5631,11538
5632,11539
5633,11540
5634,11541
5635,11542
5636,11543
5637,11544
5638,11545
5639,11546
5640,11547
5641,11548
5642,11549
5643,11550
5644,11551
5645,11552
5646,11553
5647,11554
5648,11555
5649,11556
5650,11557
5651,11558
5652,11559
5653,11560
5654,11561
5655,11562
5656,11563
5657,11564
5658,11565
5659,11566
5660,11567
5661,11568
5662,11569
5663,11570
5664,11571
5665,11572
5666,11573
5667,11574
5668,11575
5669,11576
5670,11577
5671,11578
5672,11579
5673,11580
5674,11581
5675,11582
5676,11583
5677,11584
5678,11585
5679,11586
5680,11587
5681,11588
5682,11589
5683,11590
5684,11591
5685,11592
5686,11593
5687,11594
5688,11595
5689,11596
5690,11597
5691,11598
5692,11599
5693,11600
5694,11601
5695,11602
5696,11603
5697,11604
5698,11605
5699,11606
5700,11607
5701,11608
5702,11609
5703,11610
5704,11611
5705,11612
5706,11613
5707,11614
5708,11615
5709,11616
5710,11617
5711,11618
5712,11619
5713,11620
5714,11621
5715,11622
5716,11623
5717,11624
5718,11625
5719,11626
5720,11627
5721,11628
5722,11629
5723,11630
5724,11631
5725,11632
5726,11633
5727,11634
5728,11635
5729,11636
5730,11637
5731,11638
5732,11639
5733,11640
5734,11641
5735,11642
5736,11643
5737,11644
5738,11645
5739,11646
5740,11647
5741,11648
5742,11649
5743,11650
5744,11651
5745,11652
5746,11653
5747,11654
5748,11655
5749,11656
5750,11657
5751,11658
5752,11659
5753,11660
5754,11661
5755,11662
5756,11663
5757,11664
5758,11665
5759,11666
5760,11667
5761,11668
5762,11669
5763,11670
5764,11671
5765,11672
5766,11673
5767,11674
5768,11675
5769,11676
5770,11677
5771,11678
5772,11679
5773,11680
5774,11681
5775,11682
5776,11683
5777,11684
5778,11685
5779,11686
5780,11687
5781,11688
5782,11689
5783,11690
5784,11691
5785,11692
5786,11693
5787,11694
5788,11695
5789,11696
5790,11697
5791,11698
5792,11699
5793,11700
5794,11701
5795,11702
5796,11703
5797,11704
5798,11705
5799,11706
5800,11707
5801,11708
5802,11709
5803,11710
5804,11711
5805,11712
5806,11713
5807,11714
5808,11715
5809,11716
5810,11717
5811,11718
5812,11719
5813,11720
5814,11721
5815,11722
5816,11723
5817,11724
5818,11725
5819,11726
5820,11727
5821,11728
5822,11729
5823,11730
5824,11731
5825,11732
5826,11733
5827,11734
5828,11735
5829,11736
5830,11737
5831,11738
5832,11739
5833,11740
5834,11741
5835,11742
5836,11743
5837,11744
5838,11745
5839,11746
5840,11747
5841,11748
5842,11749
5843,11750
5844,11751
5845,11752
5846,11753
5847,11754
5848,11755
5849,11756
5850,11757
5851,11758
5852,11759
5853,11760
5854,11761
5855,11762
5856,11763
5857,11764
5858,11765
5859,11766
5860,11767
5861,11768
5862,11769
5863,11770
5864,11771
5865,11772
5866,11773
5867,11774
5868,11775
5869,11776
5870,11777
5871,11778
5872,11779
5873,11780
5874,11781
5875,11782
5876,11783
5877,11784
5878,11785
5879,11786
5880,11787
5881,11788
5882,11789
5883,11790
5884,11791
5885,11792
5886,11793
5887,11794
5888,11795
5889,11796
5890,11797
5891,11798
5892,11799
5893,11800
5894,11801
5895,11802
5896,11803
5897,11804
5898,11805
5899,11806
5900,11807
5901,11808
5902,11809
5903,11810
5904,11811
5905,11812
5906,11813
5907,11814
5908,11815
5909,11816
5910,11817
5911,11818
5912,11819
5913,11820
5914,11821
5915,11822
5916,11823
5917,11824
5918,11825
5919,11826
5920,11827
5921,11828
5922,11829
5923,11830
5924,11831
5925,11832
5926,11833
5927,11834
5928,11835
5929,11836
5930,11837
5931,11838
5932,11839
5933,11840
5934,11841
5935,11842
5936,11843
5937,11844
5938,11845
5939,11846
5940,11847
5941,11848
5942,11849
5943,11850
5944,11851
5945,11852
5946,11853
5947,11854
5948,11855
5949,11856
5950,11857
5951,11858
5952,11859
5953,11860
5954,11861
5955,11862
5956,11863
5957,11864
5958,11865
5959,11866
5960,11867
5961,11868
5962,11869
5963,11870
5964,11871
5965,11872
5966,11873
5967,11874
5968,11875
5969,11876
5970,11877
5971,11878
5972,11879
5973,11880
5974,11881
5975,11882
5976,11883
5977,11884
5978,11885
5979,11886
5980,11887
5981,11888
5982,11889
5983,11890
5984,11891
5985,11892
5986,11893
5987,11894
5988,11895
5989,11896
5990,11897
5991,11898
5992,11899
5993,11900
5994,11901
5995,11902
5996,11903
5997,11904
5998,11905
5999,11906
6000,11907
6001,11908
6002,11909
6003,11910
6004,11911
6005,11912
6006,11913
6007,11914
6008,11915
6009,11916
6010,11917
6011,11918
6012,11919
6013,11920
6014,11921
6015,11922
6016,11923
6017,11924
6018,11925
6019,11926
6020,11927
6021,11928
6022,11929
6023,11930
6024,11931
6025,11932
6026,11933
6027,11934
6028,11935
6029,11936
6030,11937
6031,11938
6032,11939
6033,11940
6034,11941
6035,11942
6036,11943
6037,11944
6038,11945
6039,11946
6040,11947
6041,11948
6042,11949
6043,11950
6044,11951
6045,11952
6046,11953
6047,11954
6048,11955
6049,11956
6050,11957
6051,11958
6052,11959
6053,11960
6054,11961
6055,11962
6056,11963
6057,11964
6058,11965
6059,11966
6060,11967
6061,11968
6062,11969
6063,11970
6064,11971
6065,11972
6066,11973
6067,11974
6068,11975
6069,11976
6070,11977
6071,11978
6072,11979
6073,11980
6074,11981
6075,11982
6076,11983
6077,11984
6078,11985
6079,11986
6080,11987
6081,11988
6082,11989
6083,11990
6084,11991
6085,11992
6086,11993
6087,11994
6088,11995
6089,11996
6090,11997
6091,11998
6092,11999
6093,12000
6094,12001
6095,12002
6096,12003
6097,12004
6098,12005
6099,12006
6100,12007
6101,12008
6102,12009
6103,12010
6104,12011
6105,12012
6106,12013
6107,12014
6108,12015
6109,12016
6110,12017
6111,12018
6112,12019
6113,12020
6114,12021
6115,12022
6116,12023
6117,12024
6118,12025
6119,12026
6120,12027
6121,12028
6122,12029
6123,12030
6124,12031
6125,12032
6126,12033
6127,12034
6128,12035
6129,12036
6130,12037
6131,12038
6132,12039
6133,12040
6134,12041
6135,12042
6136,12043
6137,12044
6138,12045
6139,12046
6140,12047
6141,12048
6142,12049
6143,12050
6144,12051
6145,12052
6146,12053
6147,12054
6148,12055
6149,12056
6150,12057
6151,12058
6152,12059
6153,12060
6154,12061
6155,12062
6156,12063
6157,12064
6158,12065
6159,12066
6160,12067
6161,12068
6162,12069
6163,12070
6164,12071
6165,12072
6166,12073
6167,12074
6168,12075
6169,12076
6170,12077
6171,12078
6172,12079
6173,12080
6174,12081
6175,12082
6176,12083
6177,12084
6178,12085
6179,12086
6180,12087
6181,12088
6182,12089
6183,12090
6184,12091
6185,12092
6186,12093
6187,12094
6188,12095
6189,12096
6190,12097
6191,12098
6192,12099
6193,12100
6194,12101
6195,12102
6196,12103
6197,12104
6198,12105
6199,12106
6200,12107
6201,12108
6202,12109
6203,12110
6204,12111
6205,12112
6206,12113
6207,12114
6208,12115
6209,12116
6210,12117
6211,12118
6212,12119
6213,12120
6214,12121
6215,12122
6216,12123
6217,12124
6218,12125
6219,12126
6220,12127
6221,12128
6222,12129
6223,12130
6224,12131
6225,12132
6226,12133
6227,12134
6228,12135
6229,12136
6230,12137
6231,12138
6232,12139
6233,12140
6234,12141
6235,12142
6236,12143
6237,12144
6238,12145
6239,12146
6240,12147
6241,12148
6242,12149
6243,12150
6244,12151
6245,12152
6246,12153
6247,12154
6248,12155
6249,12156
6250,12157
6251,12158
6252,12159
6253,12160
6254,12161
6255,12162
6256,12163
6257,12164
6258,12165
6259,12166
6260,12167
6261,12168
6262,12169
6263,12170
6264,12171
6265,12172
6266,12173
6267,12174
6268,12175
6269,12176
6270,12177
6271,12178
6272,12179
6273,12180
6274,12181
6275,12182
6276,12183
6277,12184
6278,12185
6279,12186
6280,12187
6281,12188
6282,12189
6283,12190
6284,12191
6285,12192
6286,12193
6287,12194
6288,12195
6289,12196
6290,12197
6291,12198
6292,12199
6293,12200
6294,12201
6295,12202
6296,12203
6297,12204
6298,12205
6299,12206
6300,12207
6301,12208
6302,12209
6303,12210
6304,12211
6305,12212
6306,12213
6307,12214
6308,12215
6309,12216
6310,12217
6311,12218
6312,12219
6313,12220
6314,12221
6315,12222
6316,12223
6317,12224
6318,12225
6319,12226
6320,12227
6321,12228
6322,12229
6323,12230
6324,12231
6325,12232
6326,12233
6327,12234
6328,12235
6329,12236
6330,12237
6331,12238
6332,12239
6333,12240
6334,12241
6335,12242
6336,12243
6337,12244
6338,12245
6339,12246
6340,12247
6341,12248
6342,12249
6343,12250
6344,12251
6345,12252
6346,12253
6347,12254
6348,12255
6349,12256
6350,12257
6351,12258
6352,12259
6353,12260
6354,12261
6355,12262
6356,12263
6357,12264
6358,12265
6359,12266
6360,12267
6361,12268
6362,12269
6363,12270
6364,12271
6365,12272
6366,12273
6367,12274
6368,12275
6369,12276
6370,12277
6371,12278
6372,12279
6373,12280
6374,12281
6375,12282
6376,12283
6377,12284
6378,12285
6379,12286
6380,12287
6381,12288
6382,12289
6383,12290
6384,12291
6385,12292
6386,12293
6387,12294
6388,12295
6389,12296
6390,12297
6391,12298
6392,12299
6393,12300
6394,12301
6395,12302
6396,12303
6397,12304
6398,12305
6399,12306
6400,12307
6401,12308
6402,12309
6403,12310
6404,12311
6405,12312
6406,12313
6407,12314
6408,12315
6409,12316
6410,12317
6411,12318
6412,12319
6413,12320
6414,12321
6415,12322
6416,12323
6417,12324
6418,12325
6419,12326
6420,12327
6421,12328
6422,12329
6423,12330
6424,12331
6425,12332
6426,12333
6427,12334
6428,12335
6429,12336
6430,12337
6431,12338
6432,12339
6433,12340
6434,12341
6435,12342
6436,12343
6437,12344
6438,12345
6439,12346
6440,12347
6441,12348
6442,12349
6443,12350
6444,12351
6445,12352
6446,12353
6447,12354
6448,12355
6449,12356
6450,12357
6451,12358
6452,12359
6453,12360
6454,12361
6455,12362
6456,12363
6457,12364
6458,12365
6459,12366
6460,12367
6461,12368
6462,12369
6463,12370
6464,12371
6465,12372
6466,12373
6467,12374
6468,12375
6469,12376
6470,12377
6471,12378
6472,12379
6473,12380
6474,12381
6475,12382
6476,12383
6477,12384
6478,12385
6479,12386
6480,12387
6481,12388
6482,12389
6483,12390
6484,12391
6485,12392
6486,12393
6487,12394
6488,12395
6489,12396
6490,12397
6491,12398
6492,12399
6493,12400
6494,12401
6495,12402
6496,12403
6497,12404
6498,12405
6499,12406
6500,12407
6501,12408
6502,12409
6503,12410
6504,12411
6505,12412
6506,12413
6507,12414
6508,12415
6509,12416
6510,12417
6511,12418
6512,12419
6513,12420
6514,12421
6515,12422
6516,12423
6517,12424
6518,12425
6519,12426
6520,12427
6521,12428
6522,12429
6523,12430
6524,12431
6525,12432
6526,12433
6527,12434
6528,12435
6529,12436
6530,12437
6531,12438
6532,12439
6533,12440
6534,12441
6535,12442
6536,12443
6537,12444
6538,12445
6539,12446
6540,12447
6541,12448
6542,12449
6543,12450
6544,12451
6545,12452
6546,12453
6547,12454
6548,12455
6549,12456
6550,12457
6551,12458
6552,12459
6553,12460
6554,12461
6555,12462
6556,12463
6557,12464
6558,12465
6559,12466
6560,12467
6561,12468
6562,12469
6563,12470
6564,12471
6565,12472
6566,12473
6567,12474
6568,12475
6569,12476
6570,12477
6571,12478
6572,12479
6573,12480
6574,12481
6575,12482
6576,12483
6577,12484
6578,12485
6579,12486
6580,12487
6581,12488
6582,12489
6583,12490
6584,12491
6585,12492
6586,12493
6587,12494
6588,12495
6589,12496
6590,12497
6591,12498
6592,12499
6593,12500
6594,12501
6595,12502
6596,12503
6597,12504
6598,12505
6599,12506
6600,12507
6601,12508
6602,12509
6603,12510
6604,12511
6605,12512
6606,12513
6607,12514
6608,12515
6609,12516
6610,12517
6611,12518
6612,12519
6613,12520
6614,12521
6615,12522
6616,12523
6617,12524
6618,12525
6619,12526
6620,12527
6621,12528
6622,12529
6623,12530
6624,12531
6625,12532
6626,12533
6627,12534
6628,12535
6629,12536
6630,12537
6631,12538
6632,12539
6633,12540
6634,12541
6635,12542
6636,12543
6637,12544
6638,12545
6639,12546
6640,12547
6641,12548
6642,12549
6643,12550
6644,12551
6645,12552
6646,12553
6647,12554
6648,12555
6649,12556
6650,12557
6651,12558
6652,12559
6653,12560
6654,12561
6655,12562
6656,12563
6657,12564
6658,12565
6659,12566
6660,12567
6661,12568
6662,12569
6663,12570
6664,12571
6665,12572
6666,12573
6667,12574
6668,12575
6669,12576
6670,12577
6671,12578
6672,12579
6673,12580
6674,12581
6675,12582
6676,12583
6677,12584
6678,12585
6679,12586
6680,12587
6681,12588
6682,12589
6683,12590
6684,12591
6685,12592
6686,12593
6687,12594
6688,12595
6689,12596
6690,12597
6691,12598
6692,12599
6693,12600
6694,12601
6695,12602
6696,12603
6697,12604
6698,12605
6699,12606
6700,12607
6701,12608
6702,12609
6703,12610
6704,12611
6705,12612
6706,12613
6707,12614
6708,12615
6709,12616
6710,12617
6711,12618
6712,12619
6713,12620
6714,12621
6715,12622
6716,12623
6717,12624
6718,12625
6719,12626
6720,12627
6721,12628
6722,12629
6723,12630
6724,12631
6725,12632
6726,12633
6727,12634
6728,12635
6729,12636
6730,12637
6731,12638
6732,12639
6733,12640
6734,12641
6735,12642
6736,12643
6737,12644
6738,12645
6739,12646
6740,12647
6741,12648
6742,12649
6743,12650
6744,12651
6745,12652
6746,12653
6747,12654
6748,12655
6749,12656
6750,12657
6751,12658
6752,12659
6753,12660
6754,12661
6755,12662
6756,12663
6757,12664
6758,12665
6759,12666
6760,12667
6761,12668
6762,12669
6763,12670
6764,12671
6765,12672
6766,12673
6767,12674
6768,12675
6769,12676
6770,12677
6771,12678
6772,12679
6773,12680
6774,12681
6775,12682
6776,12683
6777,12684
6778,12685
6779,12686
6780,12687
6781,12688
6782,12689
6783,12690
6784,12691
6785,12692
6786,12693
6787,12694
6788,12695
6789,12696
6790,12697
6791,12698
6792,12699
6793,12700
6794,12701
6795,12702
6796,12703
6797,12704
6798,12705
6799,12706
6800,12707
6801,12708
6802,12709
6803,12710
6804,12711
6805,12712
6806,12713
6807,12714
6808,12715
6809,12716
6810,12717
6811,12718
6812,12719
6813,12720
6814,12721
6815,12722
6816,12723
6817,12724
6818,12725
6819,12726
6820,12727
6821,12728
6822,12729
6823,12730
6824,12731
6825,12732
6826,12733
6827,12734
6828,12735
6829,12736
6830,12737
6831,12738
6832,12739
6833,12740
6834,12741
6835,12742
6836,12743
6837,12744
6838,12745
6839,12746
6840,12747
6841,12748
6842,12749
6843,12750
6844,12751
6845,12752
6846,12753
6847,12754
6848,12755
6849,12756
6850,12757
6851,12758
6852,12759
6853,12760
6854,12761
6855,12762
6856,12763
6857,12764
6858,12765
6859,12766
6860,12767
6861,12768
6862,12769
6863,12770
6864,12771
6865,12772
6866,12773
6867,12774
6868,12775
6869,12776
6870,12777
6871,12778
6872,12779
6873,12780
6874,12781
6875,12782
6876,12783
6877,12784
6878,12785
6879,12786
6880,12787
6881,12788
6882,12789
6883,12790
6884,12791
6885,12792
6886,12793
6887,12794
6888,12795
6889,12796
6890,12797
6891,12798
6892,12799
6893,12800
6894,12801
6895,12802
6896,12803
6897,12804
6898,12805
6899,12806
6900,12807
6901,12808
6902,12809
6903,12810
6904,12811
6905,12812
6906,12813
6907,12814
6908,12815
6909,12816
6910,12817
6911,12818
6912,12819
6913,12820
6914,12821
6915,12822
6916,12823
6917,12824
6918,12825
6919,12826
6920,12827
6921,12828
6922,12829
6923,12830
6924,12831
6925,12832
6926,12833
6927,12834
6928,12835
6929,12836
6930,12837
6931,12838
6932,12839
6933,12840
6934,12841
6935,12842
6936,12843
6937,12844
6938,12845
6939,12846
6940,12847
6941,12848
6942,12849
6943,12850
6944,12851
6945,12852
6946,12853
6947,12854
6948,12855
6949,12856
6950,12857
6951,12858
6952,12859
6953,12860
6954,12861
6955,12862
6956,12863
6957,12864
6958,12865
6959,12866
6960,12867
6961,12868
6962,12869
6963,12870
6964,12871
6965,12872
6966,12873
6967,12874
6968,12875
6969,12876
6970,12877
6971,12878
6972,12879
6973,12880
6974,12881
6975,12882
6976,12883
6977,12884
6978,12885
6979,12886
6980,12887
6981,12888
6982,12889
6983,12890
6984,12891
6985,12892
6986,12893
6987,12894
6988,12895
6989,12896
6990,12897
6991,12898
6992,12899
6993,12900
6994,12901
6995,12902
6996,12903
6997,12904
6998,12905
6999,12906
7000,12907
7001,12908
7002,12909
7003,12910
7004,12911
7005,12912
7006,12913
7007,12914
7008,12915
7009,12916
7010,12917
7011,12918
7012,12919
7013,12920
7014,12921
7015,12922
7016,12923
7017,12924
7018,12925
7019,12926
7020,12927
7021,12928
7022,12929
7023,12930
7024,12931
7025,12932
7026,12933
7027,12934
7028,12935
7029,12936
7030,12937
7031,12938
7032,12939
7033,12940
7034,12941
7035,12942
7036,12943
7037,12944
7038,12945
7039,12946
7040,12947
7041,12948
7042,12949
7043,12950
7044,12951
7045,12952
7046,12953
7047,12954
7048,12955
7049,12956
7050,12957
7051,12958
7052,12959
7053,12960
7054,12961
7055,12962
7056,12963
7057,12964
7058,12965
7059,12966
7060,12967
7061,12968
7062,12969
7063,12970
7064,12971
7065,12972
7066,12973
7067,12974
7068,12975
7069,12976
7070,12977
7071,12978
7072,12979
7073,12980
7074,12981
7075,12982
7076,12983
7077,12984
7078,12985
7079,12986
7080,12987
7081,12988
7082,12989
7083,12990
7084,12991
7085,12992
7086,12993
7087,12994
7088,12995
7089,12996
7090,12997
7091,12998
7092,12999
7093,13000
7094,13001
7095,13002
7096,13003
7097,13004
7098,13005
7099,13006
7100,13007
7101,13008
7102,13009
7103,13010
7104,13011
7105,13012
7106,13013
7107,13014
7108,13015
7109,13016
7110,13017
7111,13018
7112,13019
7113,13020
7114,13021
7115,13022
7116,13023
7117,13024
7118,13025
7119,13026
7120,13027
7121,13028
7122,13029
7123,13030
7124,13031
7125,13032
7126,13033
7127,13034
7128,13035
7129,13036
7130,13037
7131,13038
7132,13039
7133,13040
7134,13041
7135,13042
7136,13043
7137,13044
7138,13045
7139,13046
7140,13047
7141,13048
7142,13049
7143,13050
7144,13051
7145,13052
7146,13053
7147,13054
7148,13055
7149,13056
7150,13057
7151,13058
7152,13059
7153,13060
7154,13061
7155,13062
7156,13063
7157,13064
7158,13065
7159,13066
7160,13067
7161,13068
7162,13069
7163,13070
7164,13071
7165,13072
7166,13073
7167,13074
7168,13075
7169,13076
7170,13077
7171,13078
7172,13079
7173,13080
7174,13081
7175,13082
7176,13083
7177,13084
7178,13085
7179,13086
7180,13087
7181,13088
7182,13089
7183,13090
7184,13091
7185,13092
7186,13093
7187,13094
7188,13095
7189,13096
7190,13097
7191,13098
7192,13099
7193,13100
7194,13101
7195,13102
7196,13103
7197,13104
7198,13105
7199,13106
7200,13107
7201,13108
7202,13109
7203,13110
7204,13111
7205,13112
7206,13113
7207,13114
7208,13115
7209,13116
7210,13117
7211,13118
7212,13119
7213,13120
7214,13121
7215,13122
7216,13123
7217,13124
7218,13125
7219,13126
7220,13127
7221,13128
7222,13129
7223,13130
7224,13131
7225,13132
7226,13133
7227,13134
7228,13135
7229,13136
7230,13137
7231,13138
7232,13139
7233,13140
7234,13141
7235,13142
7236,13143
7237,13144
7238,13145
7239,13146
7240,13147
7241,13148
7242,13149
7243,13150
7244,13151
7245,13152
7246,13153
7247,13154
7248,13155
7249,13156
7250,13157
7251,13158
7252,13159
7253,13160
7254,13161
7255,13162
7256,13163
7257,13164
7258,13165
7259,13166
7260,13167
7261,13168
7262,13169
7263,13170
7264,13171
7265,13172
7266,13173
7267,13174
7268,13175
7269,13176
7270,13177
7271,13178
7272,13179
7273,13180
7274,13181
7275,13182
7276,13183
7277,13184
7278,13185
7279,13186
7280,13187
7281,13188
7282,13189
7283,13190
7284,13191
7285,13192
7286,13193
7287,13194
7288,13195
7289,13196
7290,13197
7291,13198
7292,13199
7293,13200
7294,13201
7295,13202
7296,13203
7297,13204
7298,13205
7299,13206
7300,13207
7301,13208
7302,13209
7303,13210
7304,13211
7305,13212
7306,13213
7307,13214
7308,13215
7309,13216
7310,13217
7311,13218
7312,13219
7313,13220
7314,13221
7315,13222
7316,13223
7317,13224
7318,13225
7319,13226
7320,13227
7321,13228
7322,13229
7323,13230
7324,13231
7325,13232
7326,13233
7327,13234
7328,13235
7329,13236
7330,13237
7331,13238
7332,13239
7333,13240
7334,13241
7335,13242
7336,13243
7337,13244
7338,13245
7339,13246
7340,13247
7341,13248
7342,13249
7343,13250
7344,13251
7345,13252
7346,13253
7347,13254
7348,13255
7349,13256
7350,13257
7351,13258
7352,13259
7353,13260
7354,13261
7355,13262
7356,13263
7357,13264
7358,13265
7359,13266
7360,13267
7361,13268
7362,13269
7363,13270
7364,13271
7365,13272
7366,13273
7367,13274
7368,13275
7369,13276
7370,13277
7371,13278
7372,13279
7373,13280
7374,13281
7375,13282
7376,13283
7377,13284
7378,13285
7379,13286
7380,13287
7381,13288
7382,13289
7383,13290
7384,13291
7385,13292
7386,13293
7387,13294
7388,13295
7389,13296
7390,13297
7391,13298
7392,13299
7393,13300
7394,13301
7395,13302
7396,13303
7397,13304
7398,13305
7399,13306
7400,13307
7401,13308
7402,13309
7403,13310
7404,13311
7405,13312
7406,13313
7407,13314
7408,13315
7409,13316
7410,13317
7411,13318
7412,13319
7413,13320
7414,13321
7415,13322
7416,13323
7417,13324
7418,13325
7419,13326
7420,13327
7421,13328
7422,13329
7423,13330
7424,13331
7425,13332
7426,13333
7427,13334
7428,13335
7429,13336
7430,13337
7431,13338
7432,13339
7433,13340
7434,13341
7435,13342
7436,13343
7437,13344
7438,13345
7439,13346
7440,13347
7441,13348
7442,13349
7443,13350
7444,13351
7445,13352
7446,13353
7447,13354
7448,13355
7449,13356
7450,13357
7451,13358
7452,13359
7453,13360
7454,13361
7455,13362
7456,13363
7457,13364
7458,13365
7459,13366
7460,13367
7461,13368
7462,13369
7463,13370
7464,13371
7465,13372
7466,13373
7467,13374
7468,13375
7469,13376
7470,13377
7471,13378
7472,13379
7473,13380
7474,13381
7475,13382
7476,13383
7477,13384
7478,13385
7479,13386
7480,13387
7481,13388
7482,13389
7483,13390
7484,13391
7485,13392
7486,13393
7487,13394
7488,13395
7489,13396
7490,13397
7491,13398
7492,13399
7493,13400
7494,13401
7495,13402
7496,13403
7497,13404
7498,13405
7499,13406
7500,13407
7501,13408
7502,13409
7503,13410
7504,13411
7505,13412
7506,13413
7507,13414
7508,13415
7509,13416
7510,13417
7511,13418
7512,13419
7513,13420
7514,13421
7515,13422
7516,13423
7517,13424
7518,13425
7519,13426
7520,13427
7521,13428
7522,13429
7523,13430
7524,13431
7525,13432
7526,13433
7527,13434
7528,13435
7529,13436
7530,13437
7531,13438
7532,13439
7533,13440
7534,13441
7535,13442
7536,13443
7537,13444
7538,13445
7539,13446
7540,13447
7541,13448
7542,13449
7543,13450
7544,13451
7545,13452
7546,13453
7547,13454
7548,13455
7549,13456
7550,13457
7551,13458
7552,13459
7553,13460
7554,13461
7555,13462
7556,13463
7557,13464
7558,13465
7559,13466
7560,13467
7561,13468
7562,13469
7563,13470
7564,13471
7565,13472
7566,13473
7567,13474
7568,13475
7569,13476
7570,13477
7571,13478
7572,13479
7573,13480
7574,13481
7575,13482
7576,13483
7577,13484
7578,13485
7579,13486
7580,13487
7581,13488
7582,13489
7583,13490
7584,13491
7585,13492
7586,13493
7587,13494
7588,13495
7589,13496
7590,13497
7591,13498
7592,13499
7593,13500
7594,13501
7595,13502
7596,13503
7597,13504
7598,13505
7599,13506
7600,13507
7601,13508
7602,13509
7603,13510
7604,13511
7605,13512
7606,13513
7607,13514
7608,13515
7609,13516
7610,13517
7611,13518
7612,13519
7613,13520
7614,13521
7615,13522
7616,13523
7617,13524
7618,13525
7619,13526
7620,13527
7621,13528
7622,13529
7623,13530
7624,13531
7625,13532
7626,13533
7627,13534
7628,13535
7629,13536
7630,13537
7631,13538
7632,13539
7633,13540
7634,13541
7635,13542
7636,13543
7637,13544
7638,13545
7639,13546
7640,13547
7641,13548
7642,13549
7643,13550
7644,13551
7645,13552
7646,13553
7647,13554
7648,13555
7649,13556
7650,13557
7651,13558
7652,13559
7653,13560
7654,13561
7655,13562
7656,13563
7657,13564
7658,13565
7659,13566
7660,13567
7661,13568
7662,13569
7663,13570
7664,13571
7665,13572
7666,13573
7667,13574
7668,13575
7669,13576
7670,13577
7671,13578
7672,13579
7673,13580
7674,13581
7675,13582
7676,13583
7677,13584
7678,13585
7679,13586
7680,13587
7681,13588
7682,13589
7683,13590
