train,Tc_full-shuffled,Tc_full-no_duplicates,Tc_full
1,1,1049,12342
2,2,3110,12043
3,3,4172,3044
4,4,1574,9982
5,5,6292,2317
6,6,6339,10227
7,7,2441,11632
8,8,6169,2414
9,9,3571,9631
10,10,4415,3890
11,11,1142,1785
12,12,548,13518
13,13,1845,11011
14,14,5867,13185
15,15,3750,3289
16,16,3678,12319
17,17,1958,10476
18,18,7668,1709
19,19,2137,9551
20,20,3447,855
21,21,4760,3858
22,22,5306,3610
23,23,3516,12883
24,24,6760,10611
25,25,6557,12350
26,26,3533,2076
27,27,5265,2790
28,28,7679,10543
29,29,7183,3195
30,30,5475,11287
31,31,3486,4180
32,32,5627,3080
33,33,2764,13080
34,34,7463,4215
35,35,2719,3765
36,36,6969,12028
37,37,1848,12364
38,38,2792,1722
39,39,2099,1899
40,40,6480,11141
41,41,3101,12605
42,42,460,3487
43,43,4304,4465
44,44,3257,3933
45,45,4955,10369
46,46,1984,3561
47,47,834,13083
48,48,7317,13324
49,49,2477,3328
50,50,581,3949
51,51,2162,12458
52,52,2839,10234
53,53,2187,2620
54,54,848,2285
55,55,1008,11658
56,56,5043,12541
57,57,6124,2926
58,58,5644,13181
59,59,6273,1977
60,60,2267,2479
61,61,4358,4537
62,62,6580,2471
63,63,3475,9668
64,64,1925,13344
65,65,1830,10994
66,66,4860,4638
67,67,6753,4484
68,68,3250,1690
69,69,712,9784
70,70,3149,12944
71,71,3240,11696
72,72,5345,2994
73,73,1908,9976
74,74,846,10822
75,75,5853,13568
76,76,2668,4544
77,77,1460,13387
78,78,7187,2049
79,79,5178,10542
80,80,2642,9729
81,81,7587,2582
82,82,7250,9873
83,83,5658,12745
84,84,5325,9935
85,85,6322,4639
86,86,2527,12347
87,87,3855,10398
88,88,1154,2917
89,89,5698,4488
90,90,4251,9641
91,91,724,10085
92,92,5662,4304
93,93,2087,2844
94,94,1633,11052
95,95,1835,11145
96,96,2288,9851
97,97,5890,4162
98,98,1988,10786
99,99,6987,3124
100,100,4839,9601
101,101,1521,12512
102,102,2117,12050
103,103,1997,4003
104,104,5839,416
105,105,1118,2792
106,106,2956,11522
107,107,818,12724
108,108,524,11825
109,109,4066,4274
110,110,7102,2713
111,111,6803,9759
112,112,5900,13526
113,113,7229,3844
114,114,6106,10062
115,115,2491,4130
116,116,89,2441
117,117,2164,3744
118,118,4368,11374
119,119,1991,3376
120,120,1953,4718
121,121,5786,3978
122,122,4363,3491
123,123,4295,4154
124,124,3997,4383
125,125,3122,9748
126,126,1365,3838
127,127,1545,2660
128,128,4449,3173
129,129,267,12187
130,130,119,9999
131,131,140,2971
132,132,7570,2812
133,133,2733,11815
134,134,6682,634
135,135,4245,3934
136,136,48,3823
137,137,7338,13039
138,138,3666,10727
139,139,1742,9669
140,140,707,4259
141,141,6318,3399
142,142,6398,3298
143,143,6725,10172
144,144,6414,11960
145,145,5587,10385
146,146,187,9816
147,147,1362,421
148,148,3648,2525
149,149,7343,9458
150,150,5735,10088
151,151,3930,3625
152,152,4451,10605
153,153,1134,786
154,154,2425,11818
155,155,6852,11895
156,156,6258,2490
157,157,6602,12068
158,158,4679,2605
159,159,6509,12653
160,160,4555,2663
161,161,6569,451
162,162,7466,3595
163,163,3607,12036
164,164,3328,10663
165,165,6955,3686
166,166,963,9960
167,167,2318,10489
168,168,1371,833
169,169,6526,12580
170,170,597,812
171,171,5805,11516
172,172,4673,13107
173,173,127,683
174,174,465,12630
175,175,5326,3125
176,176,2867,9744
177,177,6809,13505
178,178,2790,13251
179,179,242,452
180,180,4553,12884
181,181,3096,10181
182,182,33,9722
183,183,1091,10520
184,184,6963,11285
185,185,4104,10060
186,186,5950,10089
187,187,1155,11436
188,188,3084,12756
189,189,538,9908
190,190,2820,2978
191,191,4520,10588
192,192,2981,3317
193,193,4552,3688
194,194,6431,4111
195,195,2847,13235
196,196,6199,3102
197,197,5659,13140
198,198,1592,4442
199,199,3296,10825
200,200,4607,4440
201,201,811,2748
202,202,2923,12533
203,203,4680,12229
204,204,1312,13121
205,205,4865,10063
206,206,4768,12873
207,207,5970,2544
208,208,6384,13389
209,209,239,1802
210,210,4987,11115
211,211,5646,9490
212,212,1512,4555
213,213,3741,9630
214,214,7230,1888
215,215,4859,741
216,216,3786,12371
217,217,4938,3904
218,218,4773,13556
219,219,2745,9947
220,220,1602,1858
221,221,54,9868
222,222,113,9821
223,223,3566,13456
224,224,3164,10436
225,225,2724,12177
226,226,756,10883
227,227,3453,4005
228,228,2691,12049
229,229,1334,3537
230,230,2536,12971
231,231,6254,10061
232,232,334,3964
233,233,2472,434
234,234,5476,2982
235,235,7366,4059
236,236,4237,11166
237,237,1225,11117
238,238,9,10119
239,239,3468,10450
240,240,4395,9595
241,241,5638,3324
242,242,632,11338
243,243,3191,12813
244,244,2368,521
245,245,3054,3930
246,246,135,12633
247,247,5948,11611
248,248,204,1812
249,249,2060,11806
250,250,488,9995
251,251,1290,1582
252,252,2689,432
253,253,6502,667
254,254,6626,1585
255,255,4123,10495
256,256,3826,618
257,257,7224,3852
258,258,5423,13011
259,259,6440,847
260,260,4612,710
261,261,1822,9904
262,262,1530,9974
263,263,3392,10754
264,264,7291,3090
265,265,806,4692
266,266,665,2058
267,267,2098,13555
268,268,496,3360
269,269,6677,12706
270,270,4705,2652
271,271,5251,2371
272,272,2083,677
273,273,6381,10022
274,274,482,2601
275,275,1238,2943
276,276,4111,13295
277,277,4150,3804
278,278,4382,10015
279,279,4913,2845
280,280,3152,4179
281,281,3509,3674
282,282,3505,9568
283,283,2990,3385
284,284,2667,10224
285,285,3521,11894
286,286,7639,11552
287,287,1217,4543
288,288,3011,13465
289,289,117,13297
290,290,1042,10619
291,291,3931,13528
292,292,4102,13533
293,293,2753,2611
294,294,4070,4565
295,295,2607,1893
296,296,360,3207
297,297,1191,3501
298,298,2345,10740
299,299,2354,11095
300,300,2555,10257
301,301,4018,2347
302,302,5516,10775
303,303,877,11253
304,304,4334,2665
305,305,1739,2560
306,306,1020,11591
307,307,5796,9961
308,308,6291,4135
309,309,4147,2965
310,310,5742,2429
311,311,5989,2332
312,312,615,9510
313,313,2069,2573
314,314,7500,522
315,315,1438,3911
316,316,4329,2318
317,317,5756,3693
318,318,219,10875
319,319,1499,10804
320,320,3547,1881
321,321,598,4287
322,322,1153,3905
323,323,3868,4660
324,324,2455,4161
325,325,1798,2587
326,326,4250,4508
327,327,6459,11896
328,328,1361,1646
329,329,7543,11375
330,330,2863,9736
331,331,6517,4300
332,332,1379,12312
333,333,819,12224
334,334,6461,11653
335,335,5815,3513
336,336,1817,721
337,337,4616,11449
338,338,7045,3237
339,339,2043,10441
340,340,2722,3256
341,341,3001,4099
342,342,3216,1973
343,343,1793,13238
344,344,6755,3498
345,345,477,11735
346,346,6280,13191
347,347,4482,10454
348,348,5212,9893
349,349,518,12829
350,350,873,10881
351,351,2395,1658
352,352,2253,11943
353,353,5458,3161
354,354,1138,2754
355,355,3388,12278
356,356,6891,10689
357,357,3580,3647
358,358,3637,530
359,359,6558,4640
360,360,5146,12403
361,361,3102,2454
362,362,7007,4586
363,363,4122,4738
364,364,2663,396
365,365,370,1602
366,366,5363,11361
367,367,7477,3953
368,368,2224,9612
369,369,2430,13132
370,370,7148,3290
371,371,7676,3725
372,372,2468,1639
373,373,4997,12926
374,374,3292,10162
375,375,5772,3469
376,376,6581,3312
377,377,4489,2840
378,378,7634,860
379,379,5778,3886
380,380,1257,9838
381,381,3167,12176
382,382,3056,13353
383,383,3324,13243
384,384,765,2294
385,385,5946,13544
386,386,4408,11731
387,387,7260,11888
388,388,6183,11329
389,389,3999,837
390,390,780,4511
391,391,6967,3174
392,392,2770,9728
393,393,266,4057
394,394,5117,10618
395,395,4934,12550
396,396,7678,13017
397,397,1573,2598
398,398,6740,12040
399,399,6721,4744
400,400,3224,10295
401,401,1449,751
402,402,6593,9486
403,403,7205,10912
404,404,4293,676
405,405,1322,11476
406,406,4567,3811
407,407,1624,3762
408,408,6711,13228
409,409,3715,11132
410,410,6983,3047
411,411,1090,2027
412,412,1235,10849
413,413,2308,1715
414,414,1089,4240
415,415,5073,524
416,416,5135,10066
417,417,661,13541
418,418,4171,11814
419,419,4286,9708
420,420,2729,10764
421,421,4584,10161
422,422,1974,12186
423,423,1598,3435
424,424,7038,4545
425,425,164,11944
426,426,7022,4413
427,427,4440,13341
428,428,4674,12759
429,429,6790,3797
430,430,4160,10504
431,431,6932,4455
432,432,1562,4637
433,433,3780,4270
434,434,2871,4217
435,435,1768,2031
436,436,6491,10959
437,437,1203,3019
438,438,5026,2069
439,439,4203,3701
440,440,3458,723
441,441,491,537
442,442,2410,12834
443,443,6119,3496
444,444,1654,11443
445,445,3460,638
446,446,7164,3128
447,447,1783,1598
448,448,6836,10115
449,449,5766,2408
450,450,5513,3454
451,451,4041,4264
452,452,1529,3585
453,453,2065,11823
454,454,5821,12705
455,455,1858,2679
456,456,5416,11223
457,457,6463,11108
458,458,4812,2814
459,459,2089,1794
460,460,6321,3956
461,461,4904,10988
462,462,1872,11082
463,463,5399,3145
464,464,4574,3042
465,465,1259,2014
466,466,80,13143
467,467,2681,9606
468,468,3684,10832
469,469,3957,13118
470,470,1594,3395
471,471,3884,4012
472,472,7645,2929
473,473,6524,846
474,474,7429,11068
475,475,4620,3836
476,476,4995,12537
477,477,7268,12838
478,478,180,1701
479,479,1524,3192
480,480,1733,9926
481,481,5033,1681
482,482,2881,368
483,483,153,3873
484,484,6748,12497
485,485,5488,10661
486,486,4921,4603
487,487,4002,1937
488,488,3303,4625
489,489,3178,10746
490,490,2443,3087
491,491,4838,11083
492,492,996,10205
493,493,3710,12405
494,494,7476,9994
495,495,7197,4652
496,496,5721,11118
497,497,20,369
498,498,2688,2329
499,499,6082,4106
500,500,1998,2829
501,501,5260,11773
502,502,1467,11521
503,503,1123,415
504,504,5629,9848
505,505,7135,10888
506,506,3251,10673
507,507,5614,9555
508,508,886,9852
509,509,822,13038
510,510,6906,2596
511,511,265,10070
512,512,6850,11352
513,513,6519,3085
514,514,837,3857
515,515,4252,10894
516,516,4507,1863
517,517,4346,13441
518,518,1568,3456
519,519,6030,12257
520,520,4736,3942
521,521,5429,10291
522,522,3162,10342
523,523,3796,2577
524,524,1100,4732
525,525,640,9654
526,526,6105,9696
527,527,1423,12285
528,528,5457,13447
529,529,3008,1604
530,530,5045,4110
531,531,2220,10316
532,532,7139,439
533,533,3818,586
534,534,6988,11385
535,535,6394,10377
536,536,5700,11112
537,537,4936,3244
538,538,1981,3380
539,539,7248,12826
540,540,638,10942
541,541,2637,11918
542,542,6028,10623
543,543,1952,3167
544,544,2038,2432
545,545,6019,11635
546,546,4956,12193
547,547,6265,3981
548,548,1249,12867
549,549,275,3238
550,550,295,9569
551,551,7063,11347
552,552,6533,10815
553,553,6451,3252
554,554,2851,1633
555,555,352,2643
556,556,2786,13376
557,557,4353,11583
558,558,7234,4375
559,559,5650,3349
560,560,5439,13463
561,561,1769,4387
562,562,6825,11030
563,563,2484,11691
564,564,4226,688
565,565,2004,10426
566,566,6661,10624
567,567,6683,9574
568,568,7166,699
569,569,5982,9493
570,570,4756,9679
571,571,6315,807
572,572,2861,13277
573,573,1126,11081
574,574,7545,11060
575,575,6892,4469
576,576,7326,13448
577,577,4429,3646
578,578,6001,3623
579,579,4761,4538
580,580,2806,3747
581,581,3145,557
582,582,2914,12924
583,583,2307,10207
584,584,1543,12212
585,585,5954,3131
586,586,2831,2769
587,587,3558,13523
588,588,2091,12769
589,589,2685,10672
590,590,6376,3774
591,591,1373,12569
592,592,604,481
593,593,5473,3260
594,594,4012,2977
595,595,4397,9695
596,596,3036,10634
597,597,5708,11199
598,598,2604,10230
599,599,6210,13469
600,600,7412,1777
601,601,1130,12182
602,602,5388,10598
603,603,3389,11185
604,604,7420,2360
605,605,6077,12801
606,606,1456,2306
607,607,4432,10075
608,608,7088,2042
609,609,6337,11085
610,610,5689,12524
611,611,7332,9905
612,612,4035,1702
613,613,6831,3577
614,614,5460,11405
615,615,7271,13431
616,616,3408,9876
617,617,1093,12685
618,618,2493,3524
619,619,2879,13520
620,620,1914,9827
621,621,2913,1780
622,622,7608,3863
623,623,3339,9808
624,624,5331,13195
625,625,6164,11225
626,626,736,3061
627,627,7059,685
628,628,3954,3353
629,629,4435,10752
630,630,2392,11641
631,631,7295,3011
632,632,1915,2567
633,633,3380,10448
634,634,2816,9499
635,635,6698,3997
636,636,4000,12217
637,637,3168,3323
638,638,3672,9776
639,639,6575,3570
640,640,4729,2735
641,641,96,11191
642,642,5221,3629
643,643,4442,10394
644,644,1752,4437
645,645,2046,13268
646,646,4981,4010
647,647,6877,12366
648,648,5151,2000
649,649,6102,4330
650,650,6245,12328
651,651,5053,632
652,652,6338,10387
653,653,5896,13574
654,654,3865,2775
655,655,1745,11216
656,656,85,4191
657,657,851,1559
658,658,5199,3618
659,659,1902,3442
660,660,6541,10630
661,661,1158,9618
662,662,6492,12793
663,663,2426,1626
664,664,7092,11224
665,665,1699,12294
666,666,1603,13027
667,667,1109,12979
668,668,1292,3024
669,669,5190,797
670,670,5464,13099
671,671,4894,12864
672,672,5157,10521
673,673,4974,12076
674,674,6493,4728
675,675,1041,10032
676,676,5108,3396
677,677,1772,12480
678,678,3156,9607
679,679,6050,11875
680,680,1301,1728
681,681,384,12374
682,682,1720,13000
683,683,1046,9463
684,684,487,1656
685,685,4652,3588
686,686,4034,13350
687,687,534,4250
688,688,4817,12106
689,689,1623,11977
690,690,4697,11264
691,691,7050,10319
692,692,3770,11912
693,693,612,708
694,694,4952,3365
695,695,5818,11866
696,696,4852,4115
697,697,1121,11362
698,698,1686,13190
699,699,6009,13232
700,700,392,12183
701,701,3944,13267
702,702,238,517
703,703,5980,11015
704,704,4059,9937
705,705,6033,1941
706,706,7215,12611
707,707,5925,13537
708,708,2130,11656
709,709,5223,9878
710,710,1318,13280
711,711,2476,12956
712,712,2422,2644
713,713,6704,12329
714,714,2556,4402
715,715,4155,11559
716,716,2519,4144
717,717,3121,12218
718,718,4554,2055
719,719,3119,9858
720,720,7584,12840
721,721,1748,12995
722,722,3137,10732
723,723,6766,11769
724,724,5751,13239
725,725,3759,2802
726,726,3632,1667
727,727,5648,12484
728,728,53,454
729,729,5470,9537
730,730,293,541
731,731,4215,13552
732,732,990,10550
733,733,7081,4410
734,734,3362,10760
735,735,4218,11451
736,736,6757,13305
737,737,4647,3554
738,738,98,12069
739,739,2830,10146
740,740,1811,4701
741,741,2608,11221
742,742,5130,1601
743,743,3711,3366
744,744,1108,11740
745,745,1996,1768
746,746,3271,2091
747,747,5936,12959
748,748,5731,1706
749,749,3687,10046
750,750,7267,12159
751,751,5671,3865
752,752,4418,3977
753,753,1315,13449
754,754,4156,764
755,755,6246,13408
756,756,129,9887
757,757,6180,1649
758,758,215,10249
759,759,6067,2524
760,760,4834,1745
761,761,5554,13152
762,762,2901,12965
763,763,2059,10650
764,764,740,10974
765,765,2978,1931
766,766,1629,12895
767,767,5977,2740
768,768,3307,13509
769,769,6686,4241
770,770,4973,12635
771,771,1368,10892
772,772,2575,2494
773,773,5375,13242
774,774,247,10008
775,775,1681,1623
776,776,3366,10690
777,777,4731,400
778,778,692,3990
779,779,3401,13249
780,780,4945,11959
781,781,6965,12849
782,782,1967,2786
783,783,2972,3834
784,784,1247,12983
785,785,2245,11377
786,786,6023,10741
787,787,5511,2025
788,788,1386,2380
789,789,2613,4557
790,790,7540,10082
791,791,575,4421
792,792,1801,11497
793,793,5779,3091
794,794,6046,11102
795,795,7070,3868
796,796,4787,10824
797,797,3589,11124
798,798,4966,3861
799,799,2531,12647
800,800,743,10492
801,801,626,11494
802,802,812,11577
803,803,3863,2635
804,804,5064,4052
805,805,899,4428
806,806,6331,11962
807,807,7382,3211
808,808,433,12496
809,809,5887,4129
810,810,5358,2655
811,811,7445,4252
812,812,1369,13108
813,813,5282,12070
814,814,3718,12960
815,815,4336,10368
816,816,3508,12139
817,817,7626,1867
818,818,4204,827
819,819,2715,2930
820,820,150,4576
821,821,5327,10800
822,822,3226,441
823,823,6415,772
824,824,220,9919
825,825,5171,9662
826,826,3424,13548
827,827,5692,12210
828,828,1204,11545
829,829,5297,2804
830,830,408,11817
831,831,4412,11833
832,832,3578,10460
833,833,7513,12059
834,834,5107,1648
835,835,944,12262
836,836,6138,4618
837,837,1037,2019
838,838,1802,2456
839,839,1943,3470
840,840,2070,11422
841,841,748,9716
842,842,6659,780
843,843,870,3333
844,844,4911,1761
845,845,3449,12632
846,846,6307,10951
847,847,6403,4336
848,848,5155,10677
849,849,998,10842
850,850,3239,11181
851,851,142,10644
852,852,5390,1857
853,853,6613,4688
854,854,4965,2867
855,855,1237,2672
856,856,1605,10506
857,857,4692,11690
858,858,546,12747
859,859,1360,3220
860,860,4177,13253
861,861,1776,11694
862,862,7200,11743
863,863,2991,4288
864,864,6450,4454
865,865,7655,13394
866,866,3415,3783
867,867,1403,3912
868,868,2241,3709
869,869,1717,2328
870,870,15,3420
871,871,6390,2676
872,872,5076,4280
873,873,1327,11179
874,874,776,12489
875,875,7632,4296
876,876,3837,2774
877,877,904,10643
878,878,984,1644
879,879,305,9936
880,880,6567,2912
881,881,6443,3662
882,882,2789,3015
883,883,6448,11650
884,884,1658,10768
885,885,2418,3007
886,886,5846,12606
887,887,4167,12581
888,888,4108,3441
889,889,7325,4530
890,890,7274,859
891,891,6229,12136
892,892,5959,12842
893,893,3656,12208
894,894,7396,13092
895,895,439,12474
896,896,6202,10510
897,897,4695,3678
898,898,2471,3637
899,899,2992,2617
900,900,1865,4574
901,901,2687,3408
902,902,3975,11214
903,903,5635,694
904,904,4583,11131
905,905,6862,12949
906,906,1411,4091
907,907,4173,2624
908,908,7211,3002
909,909,1048,11092
910,910,7294,4251
911,911,1650,11332
912,912,5301,12330
913,913,1306,10699
914,914,4751,1766
915,915,1092,3777
916,916,7307,12093
917,917,3058,10698
918,918,473,10442
919,919,3673,462
920,920,3523,9783
921,921,924,383
922,922,7103,3272
923,923,1787,11804
924,924,436,852
925,925,3340,12668
926,926,4575,3736
927,927,6088,2709
928,928,6735,11125
929,929,2736,3197
930,930,3138,719
931,931,1894,653
932,932,7574,12649
933,933,3657,4087
934,934,3207,1826
935,935,3270,12860
936,936,826,12600
937,937,6213,1842
938,938,156,10393
939,939,1566,11379
940,940,7208,1625
941,941,5509,4218
942,942,3151,9754
943,943,4954,9949
944,944,3599,13151
945,945,5191,3802
946,946,6058,9548
947,947,6341,2062
948,948,5295,10372
949,949,3276,3925
950,950,4393,9861
951,951,379,12614
952,952,2185,4392
953,953,4427,3307
954,954,7413,9546
955,955,4689,11548
956,956,5892,11788
957,957,388,11752
958,958,1792,1735
959,959,144,9530
960,960,3519,778
961,961,2319,13053
962,962,7030,12239
963,963,5601,2597
964,964,4246,4123
965,965,7474,10970
966,966,1345,12764
967,967,7339,3901
968,968,3496,12304
969,969,2895,579
970,970,2765,2339
971,971,1275,2841
972,972,2132,1949
973,973,608,588
974,974,3996,10494
975,975,2858,3165
976,976,5973,4160
977,977,5231,2880
978,978,139,10384
979,979,3263,12337
980,980,1948,12584
981,981,3336,11624
982,982,4874,13063
983,983,915,10884
984,984,6539,3549
985,985,4566,13293
986,986,4107,11195
987,987,3851,4051
988,988,6724,11546
989,989,1406,2008
990,990,3725,2357
991,991,825,4178
992,992,463,13340
993,993,3665,11265
994,994,6207,3434
995,995,1233,9466
996,996,5567,12425
997,997,7600,13381
998,998,4688,13179
999,999,29,11450
1000,1000,1307,12856
1001,1001,358,2576
1002,1002,3849,12615
1003,1003,4238,10339
1004,1004,2453,2395
1005,1005,4649,11846
1006,1006,956,4231
1007,1007,1942,11509
1008,1008,5835,4474
1009,1009,4623,12882
1010,1010,103,3583
1011,1011,5270,12322
1012,1012,4789,11881
1013,1013,2316,12067
1014,1014,1517,11851
1015,1015,1409,10591
1016,1016,1103,11706
1017,1017,3803,11235
1018,1018,281,10751
1019,1019,3246,4325
1020,1020,4422,1732
1021,1021,1723,3463
1022,1022,4977,3507
1023,1023,4862,13219
1024,1024,1385,1686
1025,1025,7107,1884
1026,1026,912,9545
1027,1027,5333,4535
1028,1028,4694,11302
1029,1029,3768,3973
1030,1030,2694,13467
1031,1031,6020,1718
1032,1032,4650,12987
1033,1033,1874,598
1034,1034,939,12017
1035,1035,4732,11061
1036,1036,3510,9778
1037,1037,7461,379
1038,1038,3961,10154
1039,1039,3525,3217
1040,1040,3426,2325
1041,1041,1495,9610
1042,1042,7677,3856
1043,1043,936,12618
1044,1044,2302,12535
1045,1045,4179,3869
1046,1046,1735,13567
1047,1047,3118,9713
1048,1048,5038,2561
1049,1049,1200,13074
1050,1050,6728,765
1051,1051,5311,11587
1052,1052,6074,11485
1053,1053,5570,2614
1054,1054,440,12503
1055,1055,7048,11619
1056,1056,6676,11430
1057,1057,5056,565
1058,1058,5395,11829
1059,1059,2929,11689
1060,1060,3783,12620
1061,1061,4098,2101
1062,1062,4413,12030
1063,1063,5940,1771
1064,1064,6166,3946
1065,1065,327,824
1066,1066,4140,11876
1067,1067,2793,10268
1068,1068,6107,4665
1069,1069,5962,12467
1070,1070,1009,13031
1071,1071,4774,12880
1072,1072,2701,11071
1073,1073,729,9738
1074,1074,3766,4418
1075,1075,1507,10712
1076,1076,3111,3179
1077,1077,1639,4614
1078,1078,4537,491
1079,1079,3018,2708
1080,1080,2749,11664
1081,1081,5487,13103
1082,1082,1338,12526
1083,1083,6644,10952
1084,1084,1099,10328
1085,1085,6705,10408
1086,1086,5759,2716
1087,1087,4805,3033
1088,1088,2931,9788
1089,1089,7598,10195
1090,1090,2862,11488
1091,1091,4840,10340
1092,1092,3290,2308
1093,1093,7089,12953
1094,1094,5284,13220
1095,1095,6055,10003
1096,1096,1074,10144
1097,1097,4,13391
1098,1098,2771,9619
1099,1099,5945,11555
1100,1100,3414,3383
1101,1101,2387,12795
1102,1102,4976,9770
1103,1103,4992,4084
1104,1104,3765,9809
1105,1105,7055,4041
1106,1106,2828,11198
1107,1107,4460,13519
1108,1108,2190,4188
1109,1109,2967,13270
1110,1110,4151,10748
1111,1111,3963,9877
1112,1112,5931,3907
1113,1113,4755,4427
1114,1114,2311,4498
1115,1115,544,13440
1116,1116,4158,11722
1117,1117,570,1915
1118,1118,4050,2549
1119,1119,3806,4302
1120,1120,5044,4118
1121,1121,5025,11116
1122,1122,5535,11826
1123,1123,5195,651
1124,1124,3379,13111
1125,1125,217,9933
1126,1126,5645,2416
1127,1127,1715,11480
1128,1128,6513,10545
1129,1129,5162,3980
1130,1130,4996,4183
1131,1131,3193,3582
1132,1132,7603,3555
1133,1133,2229,1930
1134,1134,1218,12999
1135,1135,6348,12694
1136,1136,5633,490
1137,1137,3073,3257
1138,1138,3429,2719
1139,1139,2809,10330
1140,1140,407,12568
1141,1141,6821,1998
1142,1142,7181,10498
1143,1143,921,12599
1144,1144,2068,2290
1145,1145,6884,1569
1146,1146,5478,4600
1147,1147,3473,9504
1148,1148,4423,1786
1149,1149,6630,4186
1150,1150,6449,12299
1151,1151,1321,12766
1152,1152,1558,10446
1153,1153,7630,3035
1154,1154,616,12422
1155,1155,5677,13070
1156,1156,251,3579
1157,1157,1356,1741
1158,1158,1755,495
1159,1159,4546,12121
1160,1160,402,2435
1161,1161,6962,3808
1162,1162,3731,1960
1163,1163,405,9998
1164,1164,3236,13260
1165,1165,3743,2820
1166,1166,4116,4597
1167,1167,5791,3918
1168,1168,1248,3205
1169,1169,1630,3081
1170,1170,4878,10718
1171,1171,224,9483
1172,1172,588,12642
1173,1173,2731,12835
1174,1174,7003,11593
1175,1175,2110,9981
1176,1176,286,13510
1177,1177,6131,9494
1178,1178,3173,13149
1179,1179,4563,702
1180,1180,5445,2767
1181,1181,1740,12563
1182,1182,5522,4192
1183,1183,2221,3032
1184,1184,4129,9639
1185,1185,6555,11142
1186,1186,4433,2391
1187,1187,2412,759
1188,1188,5656,9603
1189,1189,1239,11437
1190,1190,3740,11327
1191,1191,2442,815
1192,1192,3703,11683
1193,1193,4376,12897
1194,1194,5011,3259
1195,1195,4152,2307
1196,1196,4342,3330
1197,1197,6167,10973
1198,1198,6845,2712
1199,1199,3840,1824
1200,1200,6556,678
1201,1201,1283,3263
1202,1202,246,689
1203,1203,1445,3839
1204,1204,4815,3471
1205,1205,4560,13329
1206,1206,5185,3264
1207,1207,451,11168
1208,1208,4681,4362
1209,1209,2610,12102
1210,1210,326,9943
1211,1211,1458,12893
1212,1212,2056,2099
1213,1213,102,10183
1214,1214,5958,10096
1215,1215,2658,10208
1216,1216,3897,11206
1217,1217,7015,13333
1218,1218,4260,9749
1219,1219,5754,11371
1220,1220,3044,2316
1221,1221,7310,1859
1222,1222,5042,9505
1223,1223,1250,4028
1224,1224,6939,9756
1225,1225,786,3013
1226,1226,730,4676
1227,1227,3483,3860
1228,1228,348,3558
1229,1229,3674,9793
1230,1230,4964,13005
1231,1231,4468,4039
1232,1232,1007,11508
1233,1233,3147,11126
1234,1234,7423,9952
1235,1235,6945,3106
1236,1236,3660,767
1237,1237,5415,10383
1238,1238,892,10200
1239,1239,5095,13148
1240,1240,2632,9890
1241,1241,1662,2885
1242,1242,2631,11776
1243,1243,3518,10840
1244,1244,5346,11036
1245,1245,744,12088
1246,1246,214,13114
1247,1247,511,1788
1248,1248,1518,13069
1249,1249,1718,10472
1250,1250,6174,11640
1251,1251,1127,10452
1252,1252,4795,10632
1253,1253,5990,10642
1254,1254,283,3784
1255,1255,4711,11154
1256,1256,2652,3543
1257,1257,4625,10633
1258,1258,4818,1994
1259,1259,3524,9773
1260,1260,5336,2872
1261,1261,2461,11617
1262,1262,2240,3029
1263,1263,558,12713
1264,1264,827,2722
1265,1265,1774,10747
1266,1266,603,11850
1267,1267,7286,756
1268,1268,2629,12297
1269,1269,1084,9480
1270,1270,4124,3741
1271,1271,6971,11537
1272,1272,3502,10873
1273,1273,5054,13126
1274,1274,6651,3156
1275,1275,4263,1905
1276,1276,6285,2650
1277,1277,3150,13584
1278,1278,850,10678
1279,1279,894,1720
1280,1280,2983,13106
1281,1281,2616,11643
1282,1282,470,590
1283,1283,7387,3677
1284,1284,2169,737
1285,1285,1325,10537
1286,1286,1869,698
1287,1287,2748,11698
1288,1288,2893,2886
1289,1289,7220,11033
1290,1290,4217,12397
1291,1291,320,4353
1292,1292,7233,3793
1293,1293,7351,11031
1294,1294,7565,2314
1295,1295,6039,13560
1296,1296,6072,3542
1297,1297,421,11534
1298,1298,1265,3109
1299,1299,6260,11196
1300,1300,5767,512
1301,1301,394,9697
1302,1302,1412,11229
1303,1303,6063,3556
1304,1304,7140,11478
1305,1305,2933,13047
1306,1306,7142,12865
1307,1307,788,3305
1308,1308,2033,4456
1309,1309,4655,11786
1310,1310,4335,2808
1311,1311,7300,11704
1312,1312,3534,9989
1313,1313,330,1752
1314,1314,2565,12629
1315,1315,515,12590
1316,1316,4040,2621
1317,1317,7069,10420
1318,1318,1824,9804
1319,1319,3700,1655
1320,1320,976,2310
1321,1321,3514,12940
1322,1322,4522,3416
1323,1323,2427,1628
1324,1324,5575,2105
1325,1325,263,12363
1326,1326,1583,3509
1327,1327,7156,12976
1328,1328,2202,12918
1329,1329,6479,9931
1330,1330,4657,11766
1331,1331,3608,580
1332,1332,79,13026
1333,1333,4028,3664
1334,1334,5280,9988
1335,1335,289,12977
1336,1336,4452,13460
1337,1337,7266,12416
1338,1338,5039,3407
1339,1339,4946,3972
1340,1340,6637,4236
1341,1341,7537,11758
1342,1342,5227,3418
1343,1343,697,11165
1344,1344,5664,11787
1345,1345,7160,450
1346,1346,3032,10777
1347,1347,5484,13430
1348,1348,2666,13012
1349,1349,2171,1932
1350,1350,169,12980
1351,1351,6405,684
1352,1352,6354,11633
1353,1353,1162,2873
1354,1354,7342,10961
1355,1355,5194,643
1356,1356,5538,11727
1357,1357,1904,3657
1358,1358,2989,9944
1359,1359,1672,11009
1360,1360,7080,4551
1361,1361,4278,13454
1362,1362,5600,9953
1363,1363,4162,10051
1364,1364,3439,3714
1365,1365,3281,12800
1366,1366,2326,4210
1367,1367,3289,10074
1368,1368,4823,11772
1369,1369,7557,4246
1370,1370,2359,3833
1371,1371,3841,10053
1372,1372,1618,13054
1373,1373,4170,4463
1374,1374,7505,11820
1375,1375,4110,478
1376,1376,6663,10031
1377,1377,7090,13489
1378,1378,4198,12492
1379,1379,7613,1671
1380,1380,648,1787
1381,1381,3284,11599
1382,1382,7521,3443
1383,1383,995,11137
1384,1384,5198,10709
1385,1385,6383,10967
1386,1386,2746,12276
1387,1387,4857,3436
1388,1388,7302,11765
1389,1389,6671,2669
1390,1390,300,11864
1391,1391,7309,11420
1392,1392,6643,2780
1393,1393,1826,629
1394,1394,4190,4124
1395,1395,5703,10984
1396,1396,46,9840
1397,1397,3977,11419
1398,1398,3364,11750
1399,1399,3298,3994
1400,1400,5537,11854
1401,1401,2420,690
1402,1402,6992,10694
1403,1403,5405,11007
1404,1404,1160,2683
1405,1405,962,549
1406,1406,5172,10902
1407,1407,847,3753
1408,1408,2295,1885
1409,1409,2762,2742
1410,1410,2346,2381
1411,1411,4950,623
1412,1412,3890,4015
1413,1413,4884,3707
1414,1414,5920,2035
1415,1415,7114,3751
1416,1416,5621,12238
1417,1417,4951,12349
1418,1418,7553,3821
1419,1419,4993,3194
1420,1420,5161,12220
1421,1421,5995,2817
1422,1422,350,2998
1423,1423,7441,13549
1424,1424,1465,12336
1425,1425,6075,3703
1426,1426,7479,11343
1427,1427,6497,430
1428,1428,1610,597
1429,1429,7612,10565
1430,1430,5963,9886
1431,1431,2848,635
1432,1432,5780,3473
1433,1433,90,729
1434,1434,5774,3453
1435,1435,4803,829
1436,1436,1209,13365
1437,1437,3423,9528
1438,1438,450,13327
1439,1439,7588,9767
1440,1440,1703,733
1441,1441,6062,12758
1442,1442,1786,3425
1443,1443,5338,10739
1444,1444,2979,2496
1445,1445,7591,4156
1446,1446,4475,3045
1447,1447,1128,4593
1448,1448,2363,443
1449,1449,6120,13420
1450,1450,4920,12463
1451,1451,74,9906
1452,1452,5561,12732
1453,1453,254,10885
1454,1454,7504,9501
1455,1455,4036,468
1456,1456,1185,11465
1457,1457,4525,11889
1458,1458,903,10184
1459,1459,4127,4419
1460,1460,1483,13067
1461,1461,1271,1779
1462,1462,4686,2875
1463,1463,3823,1917
1464,1464,108,10086
1465,1465,7155,9745
1466,1466,287,11980
1467,1467,6970,696
1468,1468,5527,12041
1469,1469,167,4055
1470,1470,6741,10843
1471,1471,680,459
1472,1472,3283,2378
1473,1473,6098,10683
1474,1474,1923,3667
1475,1475,2940,771
1476,1476,1551,9652
1477,1477,2747,12655
1478,1478,6069,13058
1479,1479,3217,11170
1480,1480,6373,545
1481,1481,5640,3010
1482,1482,3387,4058
1483,1483,6301,3601
1484,1484,152,11048
1485,1485,1014,10333
1486,1486,261,4700
1487,1487,2401,11293
1488,1488,86,3936
1489,1489,6288,1588
1490,1490,2554,10918
1491,1491,2154,11051
1492,1492,2232,3105
1493,1493,4076,12789
1494,1494,3686,13558
1495,1495,5255,10091
1496,1496,5619,4711
1497,1497,1280,11477
1498,1498,63,1677
1499,1499,1520,2564
1500,1500,5294,10006
1501,1501,2017,11993
1502,1502,3007,10575
1503,1503,6255,821
1504,1504,423,2878
1505,1505,4294,12293
1506,1506,5343,12775
1507,1507,1728,3569
1508,1508,519,10421
1509,1509,4202,448
1510,1510,1063,9911
1511,1511,302,2097
1512,1512,22,12509
1513,1513,6281,12314
1514,1514,6076,12277
1515,1515,6208,4694
1516,1516,2498,3141
1517,1517,4858,10860
1518,1518,3515,10124
1519,1519,6216,2581
1520,1520,1711,12528
1521,1521,7452,1963
1522,1522,3024,4406
1523,1523,4706,10880
1524,1524,2909,13082
1525,1525,3142,2016
1526,1526,6495,11251
1527,1527,2997,3334
1528,1528,2551,1608
1529,1529,2584,1927
1530,1530,4967,4580
1531,1531,7242,9591
1532,1532,5291,10729
1533,1533,1190,2518
1534,1534,262,12448
1535,1535,2732,12828
1536,1536,5495,12090
1537,1537,6726,4202
1538,1538,6507,13422
1539,1539,4784,1638
1540,1540,7593,12952
1541,1541,5041,13073
1542,1542,5147,1636
1543,1543,1256,3831
1544,1544,4758,13192
1545,1545,1212,12111
1546,1546,5524,3018
1547,1547,6359,2586
1548,1548,7525,13231
1549,1549,3641,4293
1550,1550,7254,477
1551,1551,1891,13007
1552,1552,7517,4314
1553,1553,6151,11785
1554,1554,5725,10400
1555,1555,3927,13543
1556,1556,6793,3895
1557,1557,5119,12749
1558,1558,1619,10467
1559,1559,7289,11981
1560,1560,7196,2418
1561,1561,2655,11880
1562,1562,5663,13337
1563,1563,6047,11884
1564,1564,4289,2523
1565,1565,2530,12823
1566,1566,6333,9942
1567,1567,1661,10221
1568,1568,3736,12816
1569,1569,7293,12386
1570,1570,901,1775
1571,1571,2111,2936
1572,1572,3843,9694
1573,1573,1816,9719
1574,1574,7658,11314
1575,1575,2698,3428
1576,1576,3159,12082
1577,1577,1476,4449
1578,1578,1372,2086
1579,1579,554,9929
1580,1580,6758,414
1581,1581,7243,11305
1582,1582,3245,10895
1583,1583,1032,1730
1584,1584,2605,1778
1585,1585,6256,10399
1586,1586,2900,11990
1587,1587,4998,10193
1588,1588,2517,4356
1589,1589,4551,826
1590,1590,7529,13145
1591,1591,4457,11984
1592,1592,141,2006
1593,1593,1433,12222
1594,1594,1080,4662
1595,1595,1251,3896
1596,1596,2661,853
1597,1597,277,2423
1598,1598,6031,13459
1599,1599,7188,13042
1600,1600,6435,9785
1601,1601,3109,406
1602,1602,2078,13279
1603,1603,1837,3608
1604,1604,577,9946
1605,1605,2011,10122
1606,1606,7270,13530
1607,1607,5994,748
1608,1608,49,10425
1609,1609,2463,3692
1610,1610,3330,528
1611,1611,1088,12818
1612,1612,658,9611
1613,1613,5312,3767
1614,1614,7033,3731
1615,1615,1759,9791
1616,1616,7258,9955
1617,1617,4912,10401
1618,1618,4309,10901
1619,1619,6012,2906
1620,1620,1525,2498
1621,1621,2787,2499
1622,1622,591,12164
1623,1623,5030,9605
1624,1624,6653,1868
1625,1625,4969,3072
1626,1626,3852,1754
1627,1627,5317,13439
1628,1628,5186,2385
1629,1629,2268,2825
1630,1630,4850,9740
1631,1631,4515,4698
1632,1632,4031,3143
1633,1633,6623,3269
1634,1634,4587,3926
1635,1635,2513,12283
1636,1636,5489,13486
1637,1637,3146,2510
1638,1638,5316,13010
1639,1639,1498,628
1640,1640,1424,13302
1641,1641,222,12981
1642,1642,2086,2045
1643,1643,2159,12289
1644,1644,6336,9839
1645,1645,6940,1782
1646,1646,3941,11043
1647,1647,1829,3392
1648,1648,7401,13131
1649,1649,7491,4214
1650,1650,5342,10367
1651,1651,7426,4257
1652,1652,6413,11442
1653,1653,4813,4583
1654,1654,4949,12850
1655,1655,5097,9750
1656,1656,781,1948
1657,1657,2474,4101
1658,1658,7659,10258
1659,1659,2902,10120
1660,1660,3764,10736
1661,1661,5757,10379
1662,1662,3748,1684
1663,1663,5941,378
1664,1664,1299,2821
1665,1665,4628,10194
1666,1666,7368,2648
1667,1667,4792,10388
1668,1668,6490,4165
1669,1669,896,11807
1670,1670,7597,12847
1671,1671,4474,1846
1672,1672,4362,3034
1673,1673,6913,13566
1674,1674,1536,10024
1675,1675,2944,11161
1676,1676,427,1864
1677,1677,6611,811
1678,1678,6438,3361
1679,1679,1005,4704
1680,1680,191,12968
1681,1681,7263,10262
1682,1682,6153,2973
1683,1683,3442,2710
1684,1684,188,13316
1685,1685,6734,12286
1686,1686,2942,9620
1687,1687,2980,13331
1688,1688,3998,1579
1689,1689,2935,10305
1690,1690,2801,11576
1691,1691,6220,3566
1692,1692,371,13128
1693,1693,7265,11201
1694,1694,2300,9621
1695,1695,717,13300
1696,1696,5426,832
1697,1697,5332,4497
1698,1698,3503,10101
1699,1699,3629,3902
1700,1700,282,13345
1701,1701,6588,10173
1702,1702,1561,10866
1703,1703,6897,11046
1704,1704,6437,11733
1705,1705,4630,12388
1706,1706,1213,9900
1707,1707,7672,2344
1708,1708,4086,13570
1709,1709,6662,9459
1710,1710,4072,11882
1711,1711,154,10151
1712,1712,3777,4261
1713,1713,3771,11741
1714,1714,201,3700
1715,1715,791,10292
1716,1716,3679,4169
1717,1717,5906,2334
1718,1718,931,12135
1719,1719,2686,11813
1720,1720,7508,11300
1721,1721,4093,3426
1722,1722,5874,10304
1723,1723,5998,11751
1724,1724,4991,13571
1725,1725,5686,4378
1726,1726,1721,11121
1727,1727,6585,9489
1728,1728,7193,575
1729,1729,7379,4359
1730,1730,571,695
1731,1731,114,2459
1732,1732,2788,438
1733,1733,1710,10819
1734,1734,5713,9730
1735,1735,480,11627
1736,1736,5321,2465
1737,1737,5220,11770
1738,1738,5249,2824
1739,1739,1607,9725
1740,1740,4746,11994
1741,1741,824,11157
1742,1742,7408,4394
1743,1743,5872,11158
1744,1744,2814,4531
1745,1745,6426,2297
1746,1746,4316,10583
1747,1747,2380,10935
1748,1748,186,773
1749,1749,377,12777
1750,1750,395,10589
1751,1751,7101,10968
1752,1752,5008,10289
1753,1753,4464,4607
1754,1754,6234,13165
1755,1755,6057,13464
1756,1756,4115,4341
1757,1757,4770,12547
1758,1758,1026,1989
1759,1759,2148,10908
1760,1760,1079,12033
1761,1761,4327,12598
1762,1762,3456,10232
1763,1763,5848,500
1764,1764,7651,739
1765,1765,5695,499
1766,1766,682,3023
1767,1767,3583,10876
1768,1768,5203,727
1769,1769,6639,4559
1770,1770,3691,4571
1771,1771,4366,9985
1772,1772,7195,9755
1773,1773,2591,11513
1774,1774,111,3063
1775,1775,4661,2444
1776,1776,6400,12065
1777,1777,1466,9747
1778,1778,5881,13517
1779,1779,6761,10641
1780,1780,3264,10178
1781,1781,1990,13434
1782,1782,71,9498
1783,1783,989,3600
1784,1784,4892,659
1785,1785,3675,13081
1786,1786,5809,789
1787,1787,18,4725
1788,1788,7329,10296
1789,1789,6160,12047
1790,1790,5401,12027
1791,1791,1440,4321
1792,1792,1881,3292
1793,1793,331,551
1794,1794,5837,12014
1795,1795,2490,9526
1796,1796,6243,3669
1797,1797,7177,10707
1798,1798,547,12722
1799,1799,7498,4382
1800,1800,4762,4092
1801,1801,6325,3046
1802,1802,4745,2866
1803,1803,1309,11744
1804,1804,6349,11236
1805,1805,3873,4171
1806,1806,4702,3241
1807,1807,448,2005
1808,1808,1355,9655
1809,1809,4871,13034
1810,1810,3512,2411
1811,1811,4953,2288
1812,1812,6016,9984
1813,1813,2409,11307
1814,1814,3108,503
1815,1815,2557,9914
1816,1816,5576,11258
1817,1817,5591,830
1818,1818,2648,10978
1819,1819,7419,13474
1820,1820,3480,13445
1821,1821,3544,2335
1822,1822,3619,12707
1823,1823,2264,12313
1824,1824,5351,2522
1825,1825,1485,13210
1826,1826,4274,666
1827,1827,4880,3529
1828,1828,4222,12274
1829,1829,792,3254
1830,1830,2740,12086
1831,1831,867,10116
1832,1832,1168,11077
1833,1833,6068,1704
1834,1834,6432,9470
1835,1835,4827,3848
1836,1836,1849,3515
1837,1837,2212,2109
1838,1838,1541,4466
1839,1839,3242,11701
1840,1840,4033,12282
1841,1841,4046,9673
1842,1842,7520,12401
1843,1843,1777,4717
1844,1844,4164,11891
1845,1845,94,3479
1846,1846,782,692
1847,1847,7347,3005
1848,1848,5218,2850
1849,1849,3347,10917
1850,1850,471,12241
1851,1851,5935,12922
1852,1852,2146,9707
1853,1853,7481,13559
1854,1854,2435,3853
1855,1855,2644,11286
1856,1856,3847,10587
1857,1857,1854,3200
1858,1858,278,2397
1859,1859,6948,9907
1860,1860,4666,3351
1861,1861,3989,11044
1862,1862,3737,10886
1863,1863,5339,1645
1864,1864,4314,2551
1865,1865,5177,3348
1866,1866,3382,2813
1867,1867,3825,13427
1868,1868,4206,4422
1869,1869,6981,11756
1870,1870,256,12507
1871,1871,810,12053
1872,1872,1581,12157
1873,1873,1773,11778
1874,1874,2572,3730
1875,1875,1749,2727
1876,1876,4008,9558
1877,1877,6916,11487
1878,1878,3358,9789
1879,1879,621,4279
1880,1880,7534,13503
1881,1881,1308,3546
1882,1882,4615,12917
1883,1883,2702,11937
1884,1884,5603,3959
1885,1885,5486,10629
1886,1886,6944,11247
1887,1887,1214,9945
1888,1888,4747,12594
1889,1889,1402,12613
1890,1890,6722,11685
1891,1891,1140,1877
1892,1892,2504,13385
1893,1893,2674,9523
1894,1894,468,2475
1895,1895,1851,1562
1896,1896,5290,13090
1897,1897,576,11139
1898,1898,504,10516
1899,1899,2310,13304
1900,1900,1395,11268
1901,1901,2355,11062
1902,1902,1983,12303
1903,1903,2703,11794
1904,1904,3201,12733
1905,1905,4403,12687
1906,1906,3781,12122
1907,1907,5512,674
1908,1908,3790,13364
1909,1909,1649,12162
1910,1910,2480,10532
1911,1911,328,11409
1912,1912,2903,11952
1913,1913,685,4182
1914,1914,2544,2662
1915,1915,1781,12233
1916,1916,7439,10045
1917,1917,3747,10717
1918,1918,7453,10433
1919,1919,7357,4348
1920,1920,6696,12869
1921,1921,5985,13023
1922,1922,2160,582
1923,1923,2489,2298
1924,1924,4739,2462
1925,1925,5123,1651
1926,1926,2157,11781
1927,1927,4595,2341
1928,1928,5893,12015
1929,1929,6420,11226
1930,1930,2061,1691
1931,1931,7376,647
1932,1932,2841,4342
1933,1933,3642,3540
1934,1934,7458,11336
1935,1935,4915,10596
1936,1936,5697,3369
1937,1937,1224,1576
1938,1938,5211,3318
1939,1939,6096,11647
1940,1940,7231,602
1941,1941,529,9644
1942,1942,3788,12351
1943,1943,1441,10229
1944,1944,5611,4168
1945,1945,6912,11495
1946,1946,3446,12993
1947,1947,3618,10933
1948,1948,6135,10302
1949,1949,7448,10153
1950,1950,6363,11311
1951,1951,7168,10405
1952,1952,625,418
1953,1953,4025,3223
1954,1954,3582,12252
1955,1955,6664,12592
1956,1956,1596,13122
1957,1957,7122,3914
1958,1958,3301,4461
1959,1959,6232,3279
1960,1960,1565,12181
1961,1961,3254,9640
1962,1962,5176,4029
1963,1963,1075,4098
1964,1964,2492,11457
1965,1965,3348,2629
1966,1966,304,11862
1967,1967,5412,2555
1968,1968,6488,10983
1969,1969,1346,10303
1970,1970,1226,12390
1971,1971,5727,12037
1972,1972,2916,2543
1973,1973,2398,2565
1974,1974,3568,12559
1975,1975,4717,2545
1976,1976,4340,4203
1977,1977,1631,4606
1978,1978,2260,2526
1979,1979,5075,4481
1980,1980,7547,11489
1981,1981,5021,4034
1982,1982,1890,12845
1983,1983,2877,13323
1984,1984,1443,3397
1985,1985,5425,2040
1986,1986,1880,3482
1987,1987,5593,9613
1988,1988,6262,3519
1989,1989,987,9779
1990,1990,3959,2520
1991,1991,4639,2749
1992,1992,857,13461
1993,1993,382,10810
1994,1994,6610,9724
1995,1995,3898,10899
1996,1996,1670,10805
1997,1997,1976,4499
1998,1998,521,3064
1999,1999,3817,2705
2000,2000,1010,12450
2001,2001,5741,2688
2002,2002,1738,2633
2003,2003,739,3900
2004,2004,308,9524
2005,2005,1222,2639
2006,2006,4687,12112
2007,2007,4637,11893
2008,2008,1706,10931
2009,2009,1766,12316
2010,2010,6640,393
2011,2011,284,3790
2012,2012,5752,2345
2013,2013,2252,2472
2014,2014,7035,11612
2015,2015,7012,13375
2016,2016,967,4198
2017,2017,3003,4424
2018,2018,2885,11972
2019,2019,6578,4170
2020,2020,5323,11344
2021,2021,1980,1637
2022,2022,4685,1687
2023,2023,5082,1574
2024,2024,1013,10033
2025,2025,5688,10509
2026,2026,1763,506
2027,2027,6899,9650
2028,2028,431,3477
2029,2029,3934,11578
2030,2030,4481,3832
2031,2031,1634,2537
2032,2032,3871,3099
2033,2033,2587,11402
2034,2034,6392,2626
2035,2035,4396,3437
2036,2036,4133,1922
2037,2037,5842,3759
2038,2038,299,9857
2039,2039,5243,4550
2040,2040,7004,1880
2041,2041,1994,13041
2042,2042,7285,10011
2043,2043,4257,3552
2044,2044,3980,11090
2045,2045,2206,12058
2046,2046,1604,11069
2047,2047,7673,12377
2048,2048,4508,9677
2049,2049,7623,4542
2050,2050,6043,9762
2051,2051,1380,4373
2052,2052,913,3503
2053,2053,6024,10037
2054,2054,3308,1872
2055,2055,4782,12469
2056,2056,530,1767
2057,2057,5259,552
2058,2058,4778,9635
2059,2059,1907,2036
2060,2060,5360,12854
2061,2061,288,10977
2062,2062,1987,10360
2063,2063,4349,13286
2064,2064,4380,395
2065,2065,3929,4022
2066,2066,3365,3548
2067,2067,3451,10584
2068,2068,6408,11714
2069,2069,3531,1647
2070,2070,5287,2073
2071,2071,6374,11801
2072,2072,104,12152
2073,2073,76,12175
2074,2074,185,4016
2075,2075,7245,11070
2076,2076,5296,10803
2077,2077,7167,2529
2078,2078,1532,364
2079,2079,4148,11105
2080,2080,2805,12178
2081,2081,4748,12643
2082,2082,6094,2771
2083,2083,5533,1567
2084,2084,4360,1852
2085,2085,5355,3306
2086,2086,3005,12368
2087,2087,6915,12702
2088,2088,3804,13029
2089,2089,231,11306
2090,2090,2896,12564
2091,2091,1210,4671
2092,2092,3631,13534
2093,2093,6688,1717
2094,2094,6015,3533
2095,2095,1539,2026
2096,2096,3917,2068
2097,2097,412,10076
2098,2098,1120,2640
2099,2099,4145,12245
2100,2100,2619,11415
2101,2101,4771,3609
2102,2102,5448,2666
2103,2103,6299,2301
2104,2104,7348,10493
2105,2105,4313,11326
2106,2106,4299,13390
2107,2107,5204,9634
2108,2108,4716,4120
2109,2109,4740,10985
2110,2110,3828,3394
2111,2111,4135,10783
2112,2112,6642,13554
2113,2113,2042,12064
2114,2114,6487,3136
2115,2115,1484,13395
2116,2116,493,11276
2117,2117,1917,2752
2118,2118,3433,10488
2119,2119,6849,9513
2120,2120,2622,2894
2121,2121,1906,3488
2122,2122,389,497
2123,2123,3681,808
2124,2124,2889,10444
2125,2125,2547,11490
2126,2126,5063,1712
2127,2127,5286,12461
2128,2128,5933,13196
2129,2129,4627,11649
2130,2130,4962,3212
2131,2131,7353,13496
2132,2132,801,12248
2133,2133,6990,4503
2134,2134,2521,2915
2135,2135,92,4391
2136,2136,6621,363
2137,2137,7174,2063
2138,2138,4044,11010
2139,2139,483,12833
2140,2140,6869,4633
2141,2141,307,12259
2142,2142,1821,12301
2143,2143,540,10351
2144,2144,5507,10236
2145,2145,1690,12298
2146,2146,6772,12234
2147,2147,6428,1610
2148,2148,6731,12637
2149,2149,274,3166
2150,2150,1331,2336
2151,2151,3373,11547
2152,2152,7355,10947
2153,2153,4269,13285
2154,2154,4211,13540
2155,2155,2031,3979
2156,2156,4790,10570
2157,2157,1302,3898
2158,2158,2297,3817
2159,2159,4704,9663
2160,2160,1027,498
2161,2161,41,3727
2162,2162,1590,9798
2163,2163,7299,11470
2164,2164,2614,4729
2165,2165,3779,12638
2166,2166,5205,12699
2167,2167,4723,12933
2168,2168,7576,572
2169,2169,7611,10013
2170,2170,7169,12902
2171,2171,6856,10757
2172,2172,69,10243
2173,2173,97,10817
2174,2174,686,4294
2175,2175,5264,2833
2176,2176,4749,3004
2177,2177,24,13442
2178,2178,1105,9625
2179,2179,611,11961
2180,2180,4890,1869
2181,2181,3117,1968
2182,2182,3374,10861
2183,2183,2543,754
2184,2184,2460,1729
2185,2185,3895,10658
2186,2186,807,11556
2187,2187,1898,9894
2188,2188,7509,13319
2189,2189,3323,11382
2190,2190,1937,4281
2191,2191,7392,11366
2192,2192,6980,2402
2193,2193,5952,649
2194,2194,445,1618
2195,2195,803,11951
2196,2196,2341,13314
2197,2197,189,12552
2198,2198,716,10546
2199,2199,5465,12674
2200,2200,6713,3329
2201,2201,1903,11915
2202,2202,5183,10034
2203,2203,4054,4443
2204,2204,7066,2946
2205,2205,6471,11687
2206,2206,6038,9802
2207,2207,1794,12843
2208,2208,2390,2071
2209,2209,6154,3400
2210,2210,2351,10138
2211,2211,35,10708
2212,2212,6609,4017
2213,2213,2183,1740
2214,2214,5546,4060
2215,2215,2945,2782
2216,2216,1104,9978
2217,2217,5129,11399
2218,2218,2233,2473
2219,2219,3892,472
2220,2220,2465,3230
2221,2221,6754,4520
2222,2222,3586,11184
2223,2223,4737,3485
2224,2224,3738,447
2225,2225,6927,9720
2226,2226,1240,10113
2227,2227,4405,13240
2228,2228,7595,4619
2229,2229,687,10572
2230,2230,292,11824
2231,2231,4540,4735
2232,2232,6784,12947
2233,2233,4370,2546
2234,2234,183,3214
2235,2235,6149,12510
2236,2236,3099,11315
2237,2237,3937,9582
2238,2238,4571,13307
2239,2239,4128,4397
2240,2240,7527,3139
2241,2241,2271,13402
2242,2242,4853,11515
2243,2243,3112,4596
2244,2244,3295,11087
2245,2245,3094,3000
2246,2246,2595,1622
2247,2247,2246,12119
2248,2248,3655,9897
2249,2249,1286,13009
2250,2250,3268,4669
2251,2251,542,11901
2252,2252,3501,3459
2253,2253,1221,12380
2254,2254,4527,2516
2255,2255,7654,9597
2256,2256,6116,11639
2257,2257,5744,12997
2258,2258,3610,10203
2259,2259,5553,3327
2260,2260,505,10480
2261,2261,5236,2991
2262,2262,3809,10522
2263,2263,4670,10738
2264,2264,5004,10049
2265,2265,351,9856
2266,2266,1343,10165
2267,2267,4347,13178
2268,2268,1263,12430
2269,2269,3062,13163
2270,2270,1960,2088
2271,2271,3801,11736
2272,2272,7184,403
2273,2273,2589,11512
2274,2274,7409,10826
2275,2275,279,4062
2276,2276,1868,573
2277,2277,7,11737
2278,2278,6378,9881
2279,2279,3661,9567
2280,2280,3286,4271
2281,2281,3384,455
2282,2282,5224,11969
2283,2283,752,2413
2284,2284,7006,12754
2285,2285,5028,12546
2286,2286,683,3929
2287,2287,3490,11999
2288,2288,3772,12589
2289,2289,5863,11019
2290,2290,689,796
2291,2291,3023,10765
2292,2292,1333,9637
2293,2293,3601,10950
2294,2294,492,4648
2295,2295,40,4159
2296,2296,2024,620
2297,2297,7124,10358
2298,2298,2487,3615
2299,2299,1028,12505
2300,2300,2750,2400
2301,2301,770,3181
2302,2302,2639,10781
2303,2303,582,2018
2304,2304,6775,1792
2305,2305,509,4416
2306,2306,1809,13292
2307,2307,528,4435
2308,2308,7261,13315
2309,2309,6178,3234
2310,2310,966,3534
2311,2311,447,583
2312,2312,2868,744
2313,2313,5637,3203
2314,2314,3735,13349
2315,2315,5274,10538
2316,2316,2294,13055
2317,2317,916,4713
2318,2318,5089,1688
2319,2319,6694,2687
2320,2320,3573,4333
2321,2321,2191,10981
2322,2322,7032,11662
2323,2323,1029,12863
2324,2324,7109,3060
2325,2325,3053,13343
2326,2326,4467,12567
2327,2327,3952,3026
2328,2328,4843,12930
2329,2329,7283,2610
2330,2330,373,12115
2331,2331,3553,12271
2332,2332,2145,12104
2333,2333,1503,2832
2334,2334,2982,11032
2335,2335,1136,13036
2336,2336,7443,3922
2337,2337,5166,2305
2338,2338,2660,13088
2339,2339,2277,12344
2340,2340,2211,4054
2341,2341,7251,12024
2342,2342,6779,4258
2343,2343,2918,10684
2344,2344,1086,2785
2345,2345,7086,4628
2346,2346,7415,11569
2347,2347,3587,3362
2348,2348,2970,3008
2349,2349,149,13393
2350,2350,359,2801
2351,2351,6595,10214
2352,2352,506,2823
2353,2353,2337,4509
2354,2354,5588,755
2355,2355,2244,4379
2356,2356,7344,1993
2357,2357,6197,2515
2358,2358,2371,874
2359,2359,1946,9624
2360,2360,6804,11672
2361,2361,363,9782
2362,2362,4601,4328
2363,2363,4980,3658
2364,2364,434,4340
2365,2365,4021,10149
2366,2366,3612,3710
2367,2367,2445,4105
2368,2368,2706,10395
2369,2369,1262,548
2370,2370,2948,2986
2371,2371,3903,11511
2372,2372,853,2835
2373,2373,2305,12128
2374,2374,6878,4238
2375,2375,5356,12042
2376,2376,5584,3374
2377,2377,5377,4517
2378,2378,2274,2324
2379,2379,2402,630
2380,2380,2766,3830
2381,2381,6172,10403
2382,2382,849,740
2383,2383,3787,10376
2384,2384,3038,11840
2385,2385,2960,13127
2386,2386,410,11238
2387,2387,6056,9870
2388,2388,2811,2795
2389,2389,6628,12418
2390,2390,3540,3743
2391,2391,1685,11207
2392,2392,2561,3866
2393,2393,230,13065
2394,2394,7444,13373
2395,2395,3186,10877
2396,2396,4254,9910
2397,2397,6084,3452
2398,2398,3209,13356
2399,2399,5859,9496
2400,2400,4281,11739
2401,2401,4214,2468
2402,2402,213,13374
2403,2403,840,12227
2404,2404,1287,4046
2405,2405,7061,12253
2406,2406,7457,872
2407,2407,2249,2425
2408,2408,3994,1897
2409,2409,6473,4324
2410,2410,3763,568
2411,2411,3579,2826
2412,2412,6192,12762
2413,2413,2734,1765
2414,2414,1912,13102
2415,2415,6308,10131
2416,2416,309,2632
2417,2417,5347,4664
2418,2418,2045,11148
2419,2419,5763,9518
2420,2420,1359,11026
2421,2421,3581,13066
2422,2422,7492,876
2423,2423,6026,4283
2424,2424,4753,12619
2425,2425,590,4290
2426,2426,5840,13347
2427,2427,6950,11598
2428,2428,594,9689
2429,2429,3315,12333
2430,2430,5068,4649
2431,2431,1678,3874
2432,2432,587,11463
2433,2433,4631,11055
2434,2434,1673,9710
2435,2435,3228,2485
2436,2436,27,9751
2437,2437,2251,11673
2438,2438,1391,13367
2439,2439,3562,11886
2440,2440,5924,10361
2441,2441,6316,3578
2442,2442,2844,10137
2443,2443,3252,3639
2444,2444,2700,11566
2445,2445,2827,4078
2446,2446,5956,9956
2447,2447,6042,12697
2448,2448,1698,4705
2449,2449,5497,2715
2450,2450,3448,4482
2451,2451,7363,9687
2452,2452,656,12634
2453,2453,5403,11507
2454,2454,526,9616
2455,2455,1188,4500
2456,2456,2094,10582
2457,2457,34,12686
2458,2458,5150,13142
2459,2459,4426,12454
2460,2460,3676,12462
2461,2461,6081,10285
2462,2462,6865,11597
2463,2463,2122,13283
2464,2464,6928,2050
2465,2465,2423,3022
2466,2466,721,11679
2467,2467,5820,12792
2468,2468,4766,9850
2469,2469,4399,12641
2470,2470,1055,10035
2471,2471,4450,3984
2472,2472,5643,10982
2473,2473,6446,11496
2474,2474,3474,12621
2475,2475,5868,10823
2476,2476,5142,11355
2477,2477,1570,641
2478,2478,38,4556
2479,2479,951,2388
2480,2480,6185,10437
2481,2481,2697,3971
2482,2482,1866,3455
2483,2483,2823,10099
2484,2484,816,13030
2485,2485,1734,10365
2486,2486,7321,9532
2487,2487,5604,2902
2488,2488,6499,367
2489,2489,5451,9895
2490,2490,6777,3983
2491,2491,403,1683
2492,2492,7222,13473
2493,2493,2838,1807
2494,2494,1176,9589
2495,2495,3541,1749
2496,2496,3139,4683
2497,2497,4682,10465
2498,2498,906,11050
2499,2499,3824,2791
2500,2500,5704,1682
2501,2501,5860,3604
2502,2502,4438,10778
2503,2503,2292,12437
2504,2504,6634,9980
2505,2505,1347,12325
2506,2506,5389,10676
2507,2507,2339,1668
2508,2508,7236,11252
2509,2509,5283,11686
2510,2510,1827,463
2511,2511,5226,9473
2512,2512,513,2112
2513,2513,5143,11629
2514,2514,4192,12055
2515,2515,7040,2540
2516,2516,6625,2862
2517,2517,6452,1769
2518,2518,1626,12914
2519,2519,7451,3881
2520,2520,6786,867
2521,2521,1547,12355
2522,2522,6914,1945
2523,2523,5060,11920
2524,2524,2333,11729
2525,2525,3249,12466
2526,2526,3846,841
2527,2527,3428,11262
2528,2528,6954,13383
2529,2529,1932,366
2530,2530,6372,12244
2531,2531,1744,9991
2532,2532,3404,9888
2533,2533,3916,9957
2534,2534,690,3641
2535,2535,400,1615
2536,2536,7146,605
2537,2537,5288,12096
2538,2538,4669,12434
2539,2539,7277,12464
2540,2540,670,12284
2541,2541,4568,1762
2542,2542,6460,9615
2543,2543,2840,10728
2544,2544,3875,2104
2545,2545,3614,11249
2546,2546,72,13317
2547,2547,4333,2484
2548,2548,3130,11364
2549,2549,2450,13484
2550,2550,7202,2839
2551,2551,4494,11908
2552,2552,5420,3119
2553,2553,6561,4308
2554,2554,4873,10338
2555,2555,2726,861
2556,2556,5468,1676
2557,2557,4626,4094
2558,2558,6979,3963
2559,2559,6579,2942
2560,2560,6249,9882
2561,2561,4011,11298
2562,2562,5357,10907
2563,2563,197,12929
2564,2564,4400,2649
2565,2565,2051,12495
2566,2566,2141,11919
2567,2567,2583,3708
2568,2568,5586,2871
2569,2569,2324,3003
2570,2570,158,2848
2571,2571,1905,3750
2572,2572,77,11041
2573,2573,2415,10997
2574,2574,1971,11531
2575,2575,2362,10721
2576,2576,828,11811
2577,2577,696,850
2578,2578,6859,10158
2579,2579,486,4370
2580,2580,918,1980
2581,2581,1709,589
2582,2582,32,9757
2583,2583,4591,469
2584,2584,1236,2583
2585,2585,999,1789
2586,2586,3621,2386
2587,2587,1939,10347
2588,2588,6458,2657
2589,2589,7367,4417
2590,2590,6922,10058
2591,2591,2919,10996
2592,2592,7284,12807
2593,2593,1597,2038
2594,2594,5720,2937
2595,2595,3744,3233
2596,2596,65,1573
2597,2597,6271,13287
2598,2598,677,11802
2599,2599,6905,10456
2600,2600,693,11217
2601,2601,4582,3653
2602,2602,4654,12004
2603,2603,3535,11755
2604,2604,6941,9765
2605,2605,3588,10169
2606,2606,5368,3304
2607,2607,4516,4594
2608,2608,6984,658
2609,2609,6079,1617
2610,2610,6401,13022
2611,2611,1279,627
2612,2612,1959,10261
2613,2613,4351,12254
2614,2614,6504,2677
2615,2615,7105,1726
2616,2616,617,9927
2617,2617,3052,10807
2618,2618,4690,4116
2619,2619,137,13575
2620,2620,4009,3883
2621,2621,4999,769
2622,2622,1927,1851
2623,2623,4443,10140
2624,2624,3441,10306
2625,2625,5170,10785
2626,2626,6300,12378
2627,2627,1669,11847
2628,2628,5348,1871
2629,2629,4359,2805
2630,2630,5062,4569
2631,2631,2716,761
2632,2632,5354,2849
2633,2633,1640,10171
2634,2634,1324,12717
2635,2635,6248,13244
2636,2636,7162,4303
2637,2637,3981,10911
2638,2638,5503,13588
2639,2639,3762,3410
2640,2640,2588,12566
2641,2641,5991,11067
2642,2642,3368,10759
2643,2643,5481,12144
2644,2644,190,1755
2645,2645,808,10966
2646,2646,5632,4048
2647,2647,5232,11177
2648,2648,3782,12165
2649,2649,3905,1839
2650,2650,600,11874
2651,2651,3536,2961
2652,2652,6456,9845
2653,2653,5450,578
2654,2654,58,12179
2655,2655,1421,2511
2656,2656,2242,4122
2657,2657,6477,12967
2658,2658,1170,13273
2659,2659,4783,13175
2660,2660,4169,12079
2661,2661,362,3665
2662,2662,1374,12773
2663,2663,365,3338
2664,2664,325,2877
2665,2665,6652,12963
2666,2666,5083,2916
2667,2667,5807,9500
2668,2668,6810,13491
2669,2669,2891,554
2670,2670,1076,788
2671,2671,6168,12125
2672,2672,3241,3998
2673,2673,6707,10175
2674,2674,375,4663
2675,2675,6173,10023
2676,2676,1877,1776
2677,2677,2897,1781
2678,2678,6857,3288
2679,2679,7163,11668
2680,2680,5830,11551
2681,2681,3443,758
2682,2682,755,12396
2683,2683,7214,516
2684,2684,2396,9801
2685,2685,6468,3057
2686,2686,3124,4372
2687,2687,5165,12770
2688,2688,5413,2508
2689,2689,2872,2941
2690,2690,1617,3517
2691,2691,5532,13137
2692,2692,914,13077
2693,2693,2825,2851
2694,2694,380,2377
2695,2695,5209,11210
2696,2696,4197,3535
2697,2697,1546,4237
2698,2698,5674,12354
2699,2699,2621,13205
2700,2700,6782,11933
2701,2701,5851,3112
2702,2702,1820,3654
2703,2703,339,11861
2704,2704,1122,556
2705,2705,3432,3672
2706,2706,1580,2057
2707,2707,3079,3728
2708,2708,2105,9596
2709,2709,132,2017
2710,2710,5563,2111
2711,2711,7182,11193
2712,2712,7450,12827
2713,2713,6399,1774
2714,2714,1757,12625
2715,2715,4781,1904
2716,2716,385,12243
2717,2717,3714,2547
2718,2718,7681,12538
2719,2719,4933,2745
2720,2720,3904,11819
2721,2721,165,10345
2722,2722,1856,11536
2723,2723,6179,13281
2724,2724,5701,2437
2725,2725,1288,9753
2726,2726,7304,4522
2727,2727,5136,11140
2728,2728,746,1926
2729,2729,6909,10910
2730,2730,2964,12991
2731,2731,409,11697
2732,2732,3411,555
2733,2733,5598,11275
2734,2734,2201,13014
2735,2735,599,2874
2736,2736,4676,3670
2737,2737,6750,10348
2738,2738,383,12779
2739,2739,3926,3021
2740,2740,7528,13438
2741,2741,835,12900
2742,2742,3928,4567
2743,2743,6708,1736
2744,2744,6099,9577
2745,2745,7663,10501
2746,2746,5728,9923
2747,2747,7098,10662
2748,2748,5492,9866
2749,2749,6573,13436
2750,2750,3829,13226
2751,2751,1244,4235
2752,2752,4543,12544
2753,2753,4691,9587
2754,2754,432,3840
2755,2755,7021,11504
2756,2756,3175,9520
2757,2757,5961,10789
2758,2758,6086,3189
2759,2759,4503,12493
2760,2760,1252,9658
2761,2761,5795,2514
2762,2762,5452,12939
2763,2763,1470,2020
2764,2764,7154,12263
2765,2765,1420,4380
2766,2766,7428,4462
2767,2767,3398,4093
2768,2768,2174,10353
2769,2769,6203,13174
2770,2770,3267,3847
2771,2771,5273,11528
2772,2772,4345,428
2773,2773,6687,4486
2774,2774,4724,9690
2775,2775,1516,11596
2776,2776,2416,3636
2777,2777,3205,2696
2778,2778,2676,4605
2779,2779,1751,10657
2780,2780,4882,576
2781,2781,7621,11514
2782,2782,1785,2996
2783,2783,2182,13164
2784,2784,6947,4068
2785,2785,122,12477
2786,2786,5309,1632
2787,2787,4985,4018
2788,2788,344,2744
2789,2789,4247,4155
2790,2790,316,728
2791,2791,2778,3616
2792,2792,166,11830
2793,2793,5712,11725
2794,2794,5785,12646
2795,2795,7327,12141
2796,2796,5675,4452
2797,2797,4052,4521
2798,2798,3002,3695
2799,2799,7018,12830
2800,2800,332,4736
2801,2801,2180,1933
2802,2802,4565,2637
2803,2803,6045,9550
2804,2804,698,4724
2805,2805,4735,10343
2806,2806,802,10548
2807,2807,3663,10300
2808,2808,5685,3157
2809,2809,4727,12440
2810,2810,6994,828
2811,2811,790,11852
2812,2812,1513,4727
2813,2813,2599,12730
2814,2814,2669,12815
2815,2815,4741,10749
2816,2816,3225,529
2817,2817,3938,10702
2818,2818,6924,1707
2819,2819,1790,13218
2820,2820,516,2879
2821,2821,3494,13446
2822,2822,205,12163
2823,2823,5504,10691
2824,2824,2563,648
2825,2825,7049,9564
2826,2826,5032,3378
2827,2827,366,724
2828,2828,1073,2528
2829,2829,6402,13212
2830,2830,1482,10646
2831,2831,3244,11887
2832,2832,6296,10057
2833,2833,2482,11883
2834,2834,7108,4265
2835,2835,2279,4696
2836,2836,6270,12973
2837,2837,4230,4396
2838,2838,3671,4125
2839,2839,4511,3283
2840,2840,1616,12667
2841,2841,6832,4006
2842,2842,800,1866
2843,2843,7178,2353
2844,2844,2403,13291
2845,2845,1147,13487
2846,2846,6141,12671
2847,2847,4610,3691
2848,2848,4478,9898
2849,2849,5051,13037
2850,2850,860,467
2851,2851,1862,11642
2852,2852,2195,1764
2853,2853,838,13458
2854,2854,5816,2585
2855,2855,605,10055
2856,2856,6871,4132
2857,2857,568,10326
2858,2858,1585,4350
2859,2859,3394,13199
2860,2860,4188,13582
2861,2861,725,4076
2862,2862,2769,9519
2863,2863,1194,2918
2864,2864,1426,13450
2865,2865,666,11091
2866,2866,3345,1595
2867,2867,6113,12519
2868,2868,6709,12032
2869,2869,7399,10252
2870,2870,1645,3683
2871,2871,1399,4248
2872,2872,2603,12890
2873,2873,502,2691
2874,2874,3400,10540
2875,2875,7680,11213
2876,2876,5184,1699
2877,2877,2349,10992
2878,2878,2578,570
2879,2879,3752,12171
2880,2880,7134,9675
2881,2881,4455,13437
2882,2882,3184,2750
2883,2883,4924,12778
2884,2884,5371,11245
2885,2885,7433,11796
2886,2886,6,10077
2887,2887,5213,13147
2888,2888,4043,11525
2889,2889,7519,3843
2890,2890,3722,9823
2891,2891,1116,776
2892,2892,5605,757
2893,2893,1429,11205
2894,2894,6607,783
2895,2895,3798,12441
2896,2896,6615,752
2897,2897,2077,11426
2898,2898,2932,11351
2899,2899,4372,2410
2900,2900,6785,10413
2901,2901,3693,9833
2902,2902,2520,10811
2903,2903,161,4352
2904,2904,7561,9859
2905,2905,1657,10954
2906,2906,7087,13264
2907,2907,5308,3718
2908,2908,1045,11460
2909,2909,1228,10185
2910,2910,4022,3716
2911,2911,5499,13359
2912,2912,2433,3153
2913,2913,6910,10414
2914,2914,5084,4072
2915,2915,6568,11312
2916,2916,2856,12878
2917,2917,5168,12825
2918,2918,5784,360
2919,2919,1778,4384
2920,2920,1232,1971
2921,2921,6305,722
2922,2922,5889,12150
2923,2923,2331,377
2924,2924,6733,13453
2925,2925,618,12688
2926,2926,4228,12358
2927,2927,341,3357
2928,2928,5118,11574
2929,2929,6768,2956
2930,2930,1986,857
2931,2931,4132,4306
2932,2932,4754,12018
2933,2933,3726,11440
2934,2934,982,10903
2935,2935,5545,10468
2936,2936,3045,3763
2937,2937,1965,3213
2938,2938,7625,9701
2939,2939,1078,4226
2940,2940,6675,2761
2941,2941,2405,13076
2942,2942,6745,4032
2943,2943,2188,1898
2944,2944,2020,12751
2945,2945,6553,1711
2946,2946,6419,3592
2947,2947,6194,2449
2948,2948,2996,4346
2949,2949,5953,11411
2950,2950,6286,3717
2951,2951,2534,12579
2952,2952,6175,9594
2953,2953,2066,2600
2954,2954,7259,817
2955,2955,3421,12490
2956,2956,7400,4524
2957,2957,5623,2350
2958,2958,684,4291
2959,2959,5626,9576
2960,2960,6312,12711
2961,2961,878,10196
2962,2962,5349,1925
2963,2963,7358,11202
2964,2964,1115,3755
2965,2965,6703,1818
2966,2966,1934,9990
2967,2967,7064,12137
2968,2968,2125,3523
2969,2969,7133,762
2970,2970,5009,2897
2971,2971,1350,13366
2972,2972,5817,10608
2973,2973,7113,1697
2974,2974,1800,3245
2975,2975,3457,13443
2976,2976,4961,11078
2977,2977,3827,10143
2978,2978,4016,10136
2979,2979,2407,9485
2980,2980,694,13194
2981,2981,5654,844
2982,2982,4931,11710
2983,2983,2021,11897
2984,2984,1034,3792
2985,2985,1202,2445
2986,2986,422,3285
2987,2987,4517,2869
2988,2988,2424,12527
2989,2989,369,1640
2990,2990,5154,13060
2991,2991,2580,10576
2992,2992,3545,10920
2993,2993,2994,10078
2994,2994,7542,12585
2995,2995,1510,12560
2996,2996,5521,1605
2997,2997,3378,9968
2998,2998,3584,10914
2999,2999,920,11057
3000,3000,5776,856
3001,3001,5802,10893
3002,3002,5247,11149
3003,3003,2114,12556
3004,3004,5094,13547
3005,3005,1647,3720
3006,3006,2874,11190
3007,3007,3933,12075
3008,3008,7666,4477
3009,3009,6870,9667
3010,3010,4971,12309
3011,3011,2015,10312
3012,3012,564,810
3013,3013,7434,10926
3014,3014,2167,873
3015,3015,87,544
3016,3016,5014,798
3017,3017,6827,10790
3018,3018,2306,2678
3019,3019,174,12803
3020,3020,2849,608
3021,3021,3019,4249
3022,3022,4881,1723
3023,3023,3942,1587
3024,3024,2287,3424
3025,3025,5374,12439
3026,3026,7371,13085
3027,3027,3595,12409
3028,3028,2016,1838
3029,3029,7648,11745
3030,3030,2627,11310
3031,3031,5555,11869
3032,3032,157,4656
3033,3033,6393,3190
3034,3034,5122,2755
3035,3035,2385,4297
3036,3036,6351,4089
3037,3037,2080,10371
3038,3038,4094,9491
3039,3039,7217,11900
3040,3040,2281,626
3041,3041,3375,12572
3042,3042,4675,10056
3043,3043,5580,1661
3044,3044,1133,13138
3045,3045,1199,11447
3046,3046,3332,1894
3047,3047,6409,11106
3048,3048,5558,12281
3049,3049,7559,716
3050,3050,4750,2519
3051,3051,3369,2911
3052,3052,6929,1843
3053,3053,2192,11660
3054,3054,5562,449
3055,3055,1418,10660
3056,3056,4531,2349
3057,3057,2824,12748
3058,3058,5341,4133
3059,3059,418,2989
3060,3060,7435,4053
3061,3061,3802,12317
3062,3062,961,12824
3063,3063,2383,11604
3064,3064,3907,3050
3065,3065,7062,2834
3066,3066,3314,2114
3067,3067,4926,11448
3068,3068,2397,571
3069,3069,3213,3962
3070,3070,6801,9834
3071,3071,13,10114
3072,3072,619,9830
3073,3073,4205,1670
3074,3074,3220,3037
3075,3075,4585,13064
3076,3076,5857,13033
3077,3077,6606,10523
3078,3078,4577,13166
3079,3079,4957,3655
3080,3080,5595,9560
3081,3081,1973,9760
3082,3082,2338,4645
3083,3083,118,3325
3084,3084,5938,2615
3085,3085,5560,3346
3086,3086,1867,2552
3087,3087,1700,11008
3088,3088,2570,2914
3089,3089,4484,523
3090,3090,6277,10763
3091,3091,7058,2933
3092,3092,3559,760
3093,3093,2571,4620
3094,3094,871,10964
3095,3095,5905,4505
3096,3096,7485,614
3097,3097,7185,1692
3098,3098,6562,514
3099,3099,4447,1835
3100,3100,2938,10831
3101,3101,2876,2623
3102,3102,522,11458
3103,3103,4437,1733
3104,3104,2899,1828
3105,3105,3576,13272
3106,3106,4608,2770
3107,3107,7046,12393
3108,3108,4521,12153
3109,3109,2646,12622
3110,3110,536,11200
3111,3111,3089,3020
3112,3112,4580,4020
3113,3113,1683,1890
3114,3114,3625,11539
3115,3115,2601,1966
3116,3116,4311,4399
3117,3117,7161,3928
3118,3118,2704,10814
3119,3119,3650,9645
3120,3120,1966,11255
3121,3121,1860,4450
3122,3122,7171,2053
3123,3123,6469,3314
3124,3124,7249,3851
3125,3125,7190,1996
3126,3126,1189,10554
3127,3127,5359,2081
3128,3128,4189,657
3129,3129,2626,2580
3130,3130,5467,3960
3131,3131,3815,4117
3132,3132,3935,4096
3133,3133,2446,1634
3134,3134,1098,11792
3135,3135,1563,12908
3136,3136,5449,11334
3137,3137,1481,1975
3138,3138,4143,9874
3139,3139,6633,9752
3140,3140,6896,2094
3141,3141,5976,4337
3142,3142,1955,10621
3143,3143,4404,3564
3144,3144,291,10726
3145,3145,5549,12937
3146,3146,5289,714
3147,3147,4891,12132
3148,3148,3185,4376
3149,3149,337,10392
3150,3150,2678,11493
3151,3151,1895,12609
3152,3152,2647,3038
3153,3153,4662,10906
3154,3154,2003,11482
3155,3155,3334,2028
3156,3156,5023,1982
3157,3157,7067,10841
3158,3158,6542,12765
3159,3159,3833,11413
3160,3160,7093,10028
3161,3161,559,11713
3162,3162,3921,11103
3163,3163,1688,1999
3164,3164,4075,4212
3165,3165,5444,12451
3166,3166,3734,2901
3167,3167,3033,3127
3168,3168,6528,822
3169,3169,3026,10796
3170,3170,6908,11844
3171,3171,4944,4063
3172,3172,3831,11499
3173,3173,1223,1603
3174,3174,1102,12417
3175,3175,5880,1958
3176,3176,6958,1992
3177,3177,2523,3240
3178,3178,1534,1643
3179,3179,397,3202
3180,3180,5794,4493
3181,3181,4240,10700
3182,3182,6201,9781
3183,3183,4883,3232
3184,3184,3125,10665
3185,3185,5225,12714
3186,3186,1276,720
3187,3187,3976,2980
3188,3188,93,12061
3189,3189,1243,10962
3190,3190,5582,10797
3191,3191,667,3341
3192,3192,4528,2532
3193,3193,6616,9735
3194,3194,7264,4445
3195,3195,7152,2406
3196,3196,7121,763
3197,3197,5657,1819
3198,3198,4109,11040
3199,3199,4328,10944
3200,3200,5733,1906
3201,3201,5937,1703
3202,3202,4835,11677
3203,3203,3753,13254
3204,3204,992,9540
3205,3205,5319,11006
3206,3206,6883,11242
3207,3207,651,10896
3208,3208,5304,12306
3209,3209,3940,10674
3210,3210,1992,3626
3211,3211,7096,9691
3212,3212,3696,10716
3213,3213,131,11945
3214,3214,5085,11297
3215,3215,5380,10271
3216,3216,1461,9903
3217,3217,7459,3932
3218,3218,993,11317
3219,3219,3745,3954
3220,3220,7192,10897
3221,3221,1995,1891
3222,3222,3624,4245
3223,3223,5020,3508
3224,3224,5046,3611
3225,3225,2377,2919
3226,3226,2139,3076
3227,3227,1366,10134
3228,3228,5257,10071
3229,3229,6571,11075
3230,3230,4097,4332
3231,3231,864,12874
3232,3232,5159,10324
3233,3233,794,2542
3234,3234,5100,10341
3235,3235,390,4282
3236,3236,4119,1657
3237,3237,1264,10471
3238,3238,223,475
3239,3239,525,12339
3240,3240,5250,2898
3241,3241,7013,11771
3242,3242,2315,1635
3243,3243,1415,11054
3244,3244,1151,2458
3245,3245,3329,3236
3246,3246,5789,3891
3247,3247,1393,12889
3248,3248,6395,12453
3249,3249,3832,2997
3250,3250,4318,10431
3251,3251,7078,11022
3252,3252,7238,9979
3253,3253,3338,12652
3254,3254,7042,3172
3255,3255,4183,4689
3256,3256,6367,2627
3257,3257,2679,2992
3258,3258,4855,13506
3259,3259,6861,10527
3260,3260,7036,11335
3261,3261,1762,11259
3262,3262,1560,13429
3263,3263,766,10818
3264,3264,3030,3663
3265,3265,5034,3699
3266,3266,2727,3009
3267,3267,5895,10854
3268,3268,2158,3310
3269,3269,6430,11339
3270,3270,372,13252
3271,3271,695,4621
3272,3272,4139,12376
3273,3273,7526,10555
3274,3274,1508,11455
3275,3275,4906,11388
3276,3276,2076,9939
3277,3277,572,4377
3278,3278,3517,9972
3279,3279,4935,402
3280,3280,6794,1817
3281,3281,1354,686
3282,3282,3593,2995
3283,3283,585,4095
3284,3284,7503,9925
3285,3285,2200,3818
3286,3286,6935,3182
3287,3287,4013,3082
3288,3288,2344,519
3289,3289,595,1924
3290,3290,3247,3504
3291,3291,7054,2608
3292,3292,1,9862
3293,3293,6744,3497
3294,3294,5683,10847
3295,3295,2121,13428
3296,3296,7414,11603
3297,3297,1387,11505
3298,3298,2322,12520
3299,3299,6887,2469
3300,3300,891,12134
3301,3301,1810,1606
3302,3302,7590,10102
3303,3303,171,12972
3304,3304,6697,11907
3305,3305,4599,12433
3306,3306,1119,3417
3307,3307,2586,11408
3308,3308,3733,12268
3309,3309,4559,9774
3310,3310,3991,848
3311,3311,3070,1654
3312,3312,1340,10553
3313,3313,1050,3340
3314,3314,123,1739
3315,3315,78,11453
3316,3316,1514,3095
3317,3317,7549,11761
3318,3318,1083,2570
3319,3319,4297,12346
3320,3320,6112,13229
3321,3321,4940,2415
3322,3322,3695,11089
3323,3323,1314,380
3324,3324,1150,2095
3325,3325,7638,9543
3326,3326,7431,11484
3327,3327,5093,10250
3328,3328,1736,3684
3329,3329,2802,2945
3330,3330,4799,12670
3331,3331,415,13561
3332,3332,6780,11799
3333,3333,146,12331
3334,3334,660,10725
3335,3335,4581,2993
3336,3336,4339,9515
3337,3337,7390,12946
3338,3338,4301,12602
3339,3339,5771,12256
3340,3340,4656,4745
3341,3341,3377,13097
3342,3342,7132,11123
3343,3343,7056,10925
3344,3344,1000,2864
3345,3345,6535,11212
3346,3346,2883,410
3347,3347,4419,11014
3348,3348,7020,10355
3349,3349,4545,12859
3350,3350,733,2403
3351,3351,5581,4232
3352,3352,1146,10364
3353,3353,831,4298
3354,3354,6391,4690
3355,3355,2682,3017
3356,3356,6670,4295
3357,3357,4381,12970
3358,3358,7313,12413
3359,3359,2150,10519
3360,3360,3550,10019
3361,3361,6343,10990
3362,3362,560,12197
3363,3363,4428,12737
3364,3364,1863,4516
3365,3365,5091,4207
3366,3366,134,13043
3367,3367,6226,12373
3368,3368,3219,12857
3369,3369,4255,11581
3370,3370,6054,4174
3371,3371,2959,4001
3372,3372,3069,10574
3373,3373,4619,10009
3374,3374,6841,12332
3375,3375,880,12498
3376,3376,5536,3226
3377,3377,1799,10327
3378,3378,4071,4228
3379,3379,3157,457
3380,3380,5844,3432
3381,3381,7586,2622
3382,3382,6739,4527
3383,3383,3728,9806
3384,3384,2665,9553
3385,3385,2421,2584
3386,3386,5971,387
3387,3387,3669,4431
3388,3388,3198,12213
3389,3389,4178,13095
3390,3390,3964,3819
3391,3391,2404,2383
3392,3392,5500,2106
3393,3393,6156,4067
3394,3394,7126,12729
3395,3395,7110,11003
3396,3396,184,10199
3397,3397,2008,518
3398,3398,2209,3704
3399,3399,7272,3687
3400,3400,5551,3493
3401,3401,2289,494
3402,3402,4087,10941
3403,3403,5299,10126
3404,3404,7305,11288
3405,3405,4539,10852
3406,3406,1873,4706
3407,3407,244,2800
3408,3408,6241,10259
3409,3409,3658,10938
3410,3410,3235,3682
3411,3411,6538,3430
3412,3412,4434,10073
3413,3413,6747,9717
3414,3414,7671,12034
